timestamp,datetime,open,high,low,close,volume
1788348600,2026-09-02 08:30:00,1.15741,1.15762,1.15729,1.157615,644
1788348900,2026-09-02 08:35:00,1.157615,1.157925,1.15747,1.157835,818
1788349200,2026-09-02 08:40:00,1.15782,1.15783,1.157485,1.1575,753
1788349500,2026-09-02 08:45:00,1.1575,1.15779,1.1574,1.15756,511
1788349800,2026-09-02 08:50:00,1.157565,1.157855,1.157455,1.157805,547
1788350100,2026-09-02 08:55:00,1.1578,1.157815,1.157565,1.15773,788
1788350400,2026-09-02 09:00:00,1.157725,1.15792,1.15767,1.157905,948
1788350700,2026-09-02 09:05:00,1.15791,1.15815,1.157655,1.15783,1303
1788351000,2026-09-02 09:10:00,1.157835,1.157915,1.157755,1.15787,1018
1788351300,2026-09-02 09:15:00,1.157865,1.157975,1.157715,1.157735,951
1788351600,2026-09-02 09:20:00,1.15774,1.15857,1.15768,1.15821,3013
1788351900,2026-09-02 09:25:00,1.158205,1.158475,1.15808,1.158235,1408
1788352200,2026-09-02 09:30:00,1.15823,1.15824,1.157955,1.157975,1089
1788352500,2026-09-02 09:35:00,1.15797,1.157985,1.15773,1.15783,902
1788352800,2026-09-02 09:40:00,1.157825,1.15791,1.15757,1.157655,1101
1788353100,2026-09-02 09:45:00,1.157655,1.158295,1.157605,1.158015,941
1788353400,2026-09-02 09:50:00,1.15801,1.15807,1.157825,1.1579,916
1788353700,2026-09-02 09:55:00,1.157905,1.158,1.15776,1.15783,1169
1788354000,2026-09-02 10:00:00,1.157835,1.158125,1.157835,1.157985,1542
1788354300,2026-09-02 10:05:00,1.15798,1.158165,1.157935,1.158115,786
1788354600,2026-09-02 10:10:00,1.158115,1.158125,1.15781,1.15787,1090
1788354900,2026-09-02 10:15:00,1.157875,1.158275,1.157795,1.15822,875
1788355200,2026-09-02 10:20:00,1.158225,1.159065,1.1582,1.15903,1339
1788355500,2026-09-02 10:25:00,1.159025,1.16093,1.15899,1.15955,4593
1788355800,2026-09-02 10:30:00,1.159545,1.15975,1.159035,1.15907,2008
1788356100,2026-09-02 10:35:00,1.159075,1.15924,1.15885,1.158915,1849
1788356400,2026-09-02 10:40:00,1.15891,1.15976,1.158845,1.15973,1546
1788356700,2026-09-02 10:45:00,1.159725,1.15973,1.15921,1.15931,1980
1788357000,2026-09-02 10:50:00,1.159305,1.160045,1.159215,1.160005,1728
1788357300,2026-09-02 10:55:00,1.16001,1.1605,1.15991,1.16043,1903
1788357600,2026-09-02 11:00:00,1.160425,1.16043,1.15964,1.16017,2137
1788357900,2026-09-02 11:05:00,1.16018,1.1602,1.159495,1.15951,1711
1788358200,2026-09-02 11:10:00,1.159515,1.15985,1.15933,1.15941,1557
1788358500,2026-09-02 11:15:00,1.159415,1.15958,1.159095,1.159215,1349
1788358800,2026-09-02 11:20:00,1.15922,1.159295,1.158865,1.15904,1636
1788359100,2026-09-02 11:25:00,1.159045,1.15943,1.159045,1.159145,1754
1788359400,2026-09-02 11:30:00,1.15915,1.15933,1.15895,1.15917,1695
1788359700,2026-09-02 11:35:00,1.159165,1.159285,1.15906,1.159145,1424
1788360000,2026-09-02 11:40:00,1.15914,1.159445,1.158915,1.15907,1725
1788360300,2026-09-02 11:45:00,1.159075,1.15923,1.158915,1.15914,1155
1788360600,2026-09-02 11:50:00,1.159135,1.15953,1.15888,1.15914,1793
1788360900,2026-09-02 11:55:00,1.159145,1.159475,1.159125,1.15934,1545
1788361200,2026-09-02 12:00:00,1.159335,1.15971,1.15922,1.159365,1765
1788361500,2026-09-02 12:05:00,1.15937,1.159585,1.15931,1.15942,1218
1788361800,2026-09-02 12:10:00,1.159415,1.159445,1.159175,1.159265,1121
1788362100,2026-09-02 12:15:00,1.15926,1.159375,1.15915,1.159265,1068
1788362400,2026-09-02 12:20:00,1.15927,1.15928,1.15889,1.159165,1176
1788362700,2026-09-02 12:25:00,1.159155,1.159495,1.159155,1.159465,889
1788363000,2026-09-02 12:30:00,1.15947,1.15964,1.15927,1.15927,1222
1788363300,2026-09-02 12:35:00,1.159265,1.159455,1.15917,1.159415,907
1788363600,2026-09-02 12:40:00,1.15941,1.15949,1.159045,1.159045,745
1788363900,2026-09-02 12:45:00,1.15904,1.159295,1.15895,1.159115,946
1788364200,2026-09-02 12:50:00,1.15912,1.159175,1.15897,1.159,555
1788364500,2026-09-02 12:55:00,1.159005,1.15931,1.15895,1.1592,568
1788364800,2026-09-02 13:00:00,1.159205,1.159335,1.159125,1.15915,673
1788365100,2026-09-02 13:05:00,1.159155,1.15927,1.15909,1.15913,718
1788365400,2026-09-02 13:10:00,1.15913,1.159355,1.159105,1.159355,531
1788365700,2026-09-02 13:15:00,1.15935,1.159355,1.159195,1.15931,641
1788366000,2026-09-02 13:20:00,1.159305,1.159415,1.159055,1.15908,806
1788366300,2026-09-02 13:25:00,1.15908,1.15916,1.158895,1.15892,629
1788366600,2026-09-02 13:30:00,1.15891,1.15912,1.158885,1.15901,556
1788366900,2026-09-02 13:35:00,1.15901,1.15913,1.159,1.15906,289
1788367200,2026-09-02 13:40:00,1.159065,1.159075,1.15896,1.15901,386
1788367500,2026-09-02 13:45:00,1.159015,1.15918,1.158915,1.158925,316
1788367800,2026-09-02 13:50:00,1.158925,1.15914,1.15887,1.159105,393
1788368100,2026-09-02 13:55:00,1.159095,1.159115,1.15872,1.15872,362
1788368400,2026-09-02 14:00:00,1.158725,1.158915,1.1587,1.158765,594
1788368700,2026-09-02 14:05:00,1.15876,1.15877,1.15859,1.158605,578
1788369000,2026-09-02 14:10:00,1.158605,1.15867,1.158545,1.15861,522
1788369300,2026-09-02 14:15:00,1.15861,1.15865,1.15834,1.158375,543
1788369600,2026-09-02 14:20:00,1.158385,1.1585,1.158365,1.158465,298
1788369900,2026-09-02 14:25:00,1.158465,1.158685,1.15845,1.158665,264
1788370200,2026-09-02 14:30:00,1.15866,1.158665,1.15846,1.15862,258
1788370500,2026-09-02 14:35:00,1.15862,1.15863,1.1585,1.15852,375
1788370800,2026-09-02 14:40:00,1.15852,1.15885,1.1585,1.158675,707
1788371100,2026-09-02 14:45:00,1.15868,1.158995,1.158625,1.15888,1392
1788371400,2026-09-02 14:50:00,1.158885,1.1589,1.158685,1.158695,499
1788371700,2026-09-02 14:55:00,1.1587,1.158835,1.15865,1.15867,304
1788372000,2026-09-02 15:00:00,1.158675,1.15877,1.158595,1.158735,436
1788372300,2026-09-02 15:05:00,1.15873,1.15874,1.158605,1.15861,250
1788372600,2026-09-02 15:10:00,1.15861,1.158675,1.158605,1.15866,296
1788372900,2026-09-02 15:15:00,1.158655,1.158975,1.15844,1.158755,923
1788373200,2026-09-02 15:20:00,1.158745,1.158885,1.158515,1.158535,725
1788373500,2026-09-02 15:25:00,1.15853,1.15862,1.158515,1.15862,352
1788373800,2026-09-02 15:30:00,1.158625,1.15871,1.158615,1.15866,259
1788374100,2026-09-02 15:35:00,1.158665,1.158795,1.15866,1.158785,289
1788374400,2026-09-02 15:40:00,1.158785,1.158795,1.15846,1.15846,187
1788374700,2026-09-02 15:45:00,1.15846,1.15859,1.15846,1.158575,183
1788375000,2026-09-02 15:50:00,1.158575,1.15867,1.158575,1.158625,134
1788375300,2026-09-02 15:55:00,1.158625,1.15864,1.158475,1.15857,308
1788375600,2026-09-02 16:00:00,1.158565,1.158625,1.1585,1.15856,374
1788375900,2026-09-02 16:05:00,1.158555,1.158575,1.1584,1.158405,298
1788376200,2026-09-02 16:10:00,1.158405,1.15842,1.158275,1.158275,209
1788376500,2026-09-02 16:15:00,1.15827,1.15858,1.15827,1.15857,213
1788376800,2026-09-02 16:20:00,1.15857,1.158645,1.158475,1.158515,248
1788377100,2026-09-02 16:25:00,1.158515,1.158575,1.158435,1.158465,191
1788377400,2026-09-02 16:30:00,1.158465,1.158545,1.158435,1.158525,245
1788377700,2026-09-02 16:35:00,1.15853,1.158545,1.15845,1.158525,227
1788378000,2026-09-02 16:40:00,1.15853,1.15856,1.15846,1.158535,218
1788378300,2026-09-02 16:45:00,1.15853,1.15855,1.15834,1.15837,258
1788378600,2026-09-02 16:50:00,1.158365,1.158465,1.15836,1.158455,319
1788378900,2026-09-02 16:55:00,1.158465,1.15877,1.15845,1.15874,577
1788379200,2026-09-02 17:00:00,1.158745,1.15901,1.15872,1.15889,463
1788379500,2026-09-02 17:05:00,1.158885,1.159,1.15883,1.15889,340
1788379800,2026-09-02 17:10:00,1.15889,1.15895,1.158855,1.158895,112
1788380100,2026-09-02 17:15:00,1.15889,1.159,1.15883,1.158845,222
1788380400,2026-09-02 17:20:00,1.158845,1.15894,1.15877,1.15893,136
1788380700,2026-09-02 17:25:00,1.158925,1.15893,1.15877,1.15878,124
1788381000,2026-09-02 17:30:00,1.158775,1.158875,1.158765,1.158875,96
1788381300,2026-09-02 17:35:00,1.158875,1.158875,1.1588,1.15887,112
1788381600,2026-09-02 17:40:00,1.158865,1.15894,1.158835,1.15891,216
1788381900,2026-09-02 17:45:00,1.158915,1.15895,1.158885,1.15892,263
1788382200,2026-09-02 17:50:00,1.15892,1.158925,1.158875,1.158875,301
1788382500,2026-09-02 17:55:00,1.158865,1.15889,1.158725,1.15883,425
1788382800,2026-09-02 18:00:00,1.158835,1.15888,1.158715,1.15888,18
1788383100,2026-09-02 18:05:00,1.158835,1.158835,1.158745,1.15876,16
1788383400,2026-09-02 18:10:00,1.15876,1.158805,1.15876,1.158765,78
1788383700,2026-09-02 18:15:00,1.158765,1.1588,1.15876,1.15879,18
1788384000,2026-09-02 18:20:00,1.15879,1.15883,1.158765,1.158795,20
1788384300,2026-09-02 18:25:00,1.158795,1.158845,1.15876,1.15884,16
1788384600,2026-09-02 18:30:00,1.15884,1.15888,1.158835,1.15885,27
1788384900,2026-09-02 18:35:00,1.15885,1.15886,1.158795,1.158835,91
1788385200,2026-09-02 18:40:00,1.158835,1.15886,1.158835,1.158845,64
1788385500,2026-09-02 18:45:00,1.158845,1.158875,1.15878,1.15878,53
1788385800,2026-09-02 18:50:00,1.15878,1.15883,1.158775,1.1588,104
1788386100,2026-09-02 18:55:00,1.1588,1.15883,1.15878,1.15881,105
1788386400,2026-09-02 19:00:00,1.15879,1.158955,1.158675,1.158675,172
1788386700,2026-09-02 19:05:00,1.158665,1.1587,1.158645,1.158675,43
1788387000,2026-09-02 19:10:00,1.158675,1.158715,1.15867,1.158695,102
1788387300,2026-09-02 19:15:00,1.158695,1.158695,1.158565,1.15857,115
1788387600,2026-09-02 19:20:00,1.158565,1.15869,1.15855,1.158655,101
1788387900,2026-09-02 19:25:00,1.158655,1.158675,1.15863,1.15864,85
1788388200,2026-09-02 19:30:00,1.158645,1.15868,1.158625,1.158675,99
1788388500,2026-09-02 19:35:00,1.15868,1.158815,1.15868,1.15879,147
1788388800,2026-09-02 19:40:00,1.158785,1.1588,1.15871,1.15871,123
1788389100,2026-09-02 19:45:00,1.15871,1.15872,1.15864,1.15868,97
1788389400,2026-09-02 19:50:00,1.158685,1.158795,1.15867,1.158705,136
1788389700,2026-09-02 19:55:00,1.1587,1.158725,1.15869,1.15871,67
1788390000,2026-09-02 20:00:00,1.158705,1.15874,1.158635,1.158685,193
1788390300,2026-09-02 20:05:00,1.158685,1.158685,1.158575,1.15858,77
1788390600,2026-09-02 20:10:00,1.158585,1.158595,1.158515,1.15855,96
1788390900,2026-09-02 20:15:00,1.15855,1.15858,1.15852,1.158555,67
1788391200,2026-09-02 20:20:00,1.158555,1.158615,1.158515,1.15861,80
1788391500,2026-09-02 20:25:00,1.158615,1.15862,1.15854,1.15855,96
1788391800,2026-09-02 20:30:00,1.158555,1.158555,1.158515,1.15853,92
1788392100,2026-09-02 20:35:00,1.15853,1.15854,1.15844,1.15848,114
1788392400,2026-09-02 20:40:00,1.15848,1.158555,1.158455,1.158515,128
1788392700,2026-09-02 20:45:00,1.15852,1.158535,1.158465,1.15853,136
1788393000,2026-09-02 20:50:00,1.15853,1.15854,1.15848,1.158485,108
1788393300,2026-09-02 20:55:00,1.15848,1.15855,1.15848,1.158515,176
1788393600,2026-09-02 21:00:00,1.15852,1.1587,1.15836,1.158655,794
1788393900,2026-09-02 21:05:00,1.158655,1.15872,1.158485,1.158545,351
1788394200,2026-09-02 21:10:00,1.15855,1.15867,1.158535,1.158545,322
1788394500,2026-09-02 21:15:00,1.158545,1.158685,1.15854,1.15863,275
1788394800,2026-09-02 21:20:00,1.158635,1.158805,1.15862,1.15879,393
1788395100,2026-09-02 21:25:00,1.158785,1.159005,1.15878,1.158945,341
1788395400,2026-09-02 21:30:00,1.15895,1.15897,1.15877,1.158895,306
1788395700,2026-09-02 21:35:00,1.1589,1.158905,1.15876,1.158875,425
1788396000,2026-09-02 21:40:00,1.15887,1.158905,1.1587,1.15876,551
1788396300,2026-09-02 21:45:00,1.158755,1.159005,1.15869,1.15899,643
1788396600,2026-09-02 21:50:00,1.158985,1.159095,1.158945,1.159,468
1788396900,2026-09-02 21:55:00,1.15899,1.15902,1.158925,1.158955,320
1788397200,2026-09-02 22:00:00,1.158955,1.159015,1.158905,1.15895,749
1788397500,2026-09-02 22:05:00,1.158945,1.158985,1.158875,1.158975,398
1788397800,2026-09-02 22:10:00,1.15898,1.159015,1.15893,1.158935,454
1788398100,2026-09-02 22:15:00,1.15893,1.159055,1.158885,1.159,373
1788398400,2026-09-02 22:20:00,1.159,1.15905,1.15875,1.158815,325
1788398700,2026-09-02 22:25:00,1.15881,1.159165,1.158805,1.15915,493
1788399000,2026-09-02 22:30:00,1.159145,1.15936,1.159105,1.15933,1094
1788399300,2026-09-02 22:35:00,1.15932,1.15934,1.15914,1.159215,705
1788399600,2026-09-02 22:40:00,1.159215,1.159275,1.158995,1.159015,439
1788399900,2026-09-02 22:45:00,1.15902,1.159075,1.15877,1.15886,372
1788400200,2026-09-02 22:50:00,1.15886,1.15887,1.158685,1.15876,387
1788400500,2026-09-02 22:55:00,1.15876,1.158775,1.158505,1.15862,421
1788400800,2026-09-02 23:00:00,1.158625,1.158835,1.15857,1.158695,620
1788401100,2026-09-02 23:05:00,1.158705,1.15874,1.158655,1.15867,459
1788401400,2026-09-02 23:10:00,1.158675,1.158715,1.158525,1.158715,521
1788401700,2026-09-02 23:15:00,1.158715,1.15879,1.15854,1.158635,452
1788402000,2026-09-02 23:20:00,1.15863,1.15916,1.15863,1.159045,1284
1788402300,2026-09-02 23:25:00,1.15904,1.15907,1.15882,1.15898,793
1788402600,2026-09-02 23:30:00,1.158985,1.1592,1.158925,1.159145,842
1788402900,2026-09-02 23:35:00,1.15915,1.159495,1.15915,1.15946,908
1788403200,2026-09-02 23:40:00,1.159455,1.159455,1.15907,1.159095,819
1788403500,2026-09-02 23:45:00,1.15909,1.159235,1.15895,1.159195,557
1788403800,2026-09-02 23:50:00,1.1592,1.15933,1.1591,1.15931,939
1788404100,2026-09-02 23:55:00,1.15932,1.159355,1.15908,1.15911,369
1788404400,2026-09-03 00:00:00,1.159115,1.15945,1.159095,1.159415,575
1788404700,2026-09-03 00:05:00,1.15941,1.15959,1.15937,1.15958,618
1788405000,2026-09-03 00:10:00,1.15958,1.159755,1.1595,1.159565,553
1788405300,2026-09-03 00:15:00,1.159565,1.159595,1.159455,1.159515,386
1788405600,2026-09-03 00:20:00,1.15951,1.15957,1.15945,1.15948,444
1788405900,2026-09-03 00:25:00,1.15948,1.15962,1.159435,1.159555,576
1788406200,2026-09-03 00:30:00,1.15956,1.15966,1.159445,1.15962,391
1788406500,2026-09-03 00:35:00,1.15962,1.15965,1.159525,1.15965,524
1788406800,2026-09-03 00:40:00,1.15965,1.159785,1.159625,1.15976,364
1788407100,2026-09-03 00:45:00,1.159755,1.15976,1.1596,1.159675,402
1788407400,2026-09-03 00:50:00,1.15968,1.159795,1.15965,1.159765,328
1788407700,2026-09-03 00:55:00,1.15976,1.15976,1.159615,1.15966,302
1788408000,2026-09-03 01:00:00,1.159655,1.15976,1.15958,1.159625,301
1788408300,2026-09-03 01:05:00,1.159625,1.159635,1.15951,1.15962,283
1788408600,2026-09-03 01:10:00,1.15962,1.15976,1.15961,1.159715,161
1788408900,2026-09-03 01:15:00,1.15971,1.159725,1.159605,1.159625,241
1788409200,2026-09-03 01:20:00,1.159625,1.159715,1.159625,1.159695,168
1788409500,2026-09-03 01:25:00,1.159695,1.159755,1.159675,1.15975,96
1788409800,2026-09-03 01:30:00,1.159745,1.159985,1.159705,1.15987,708
1788410100,2026-09-03 01:35:00,1.15987,1.16,1.159815,1.159985,358
1788410400,2026-09-03 01:40:00,1.159995,1.16003,1.1599,1.159965,268
1788410700,2026-09-03 01:45:00,1.159965,1.15998,1.1598,1.15981,306
1788411000,2026-09-03 01:50:00,1.159815,1.15984,1.15965,1.15966,313
1788411300,2026-09-03 01:55:00,1.159655,1.15967,1.15945,1.15955,321
1788411600,2026-09-03 02:00:00,1.159545,1.15962,1.15938,1.15945,251
1788411900,2026-09-03 02:05:00,1.15945,1.15949,1.15935,1.15938,248
1788412200,2026-09-03 02:10:00,1.15938,1.159505,1.15938,1.159445,217
1788412500,2026-09-03 02:15:00,1.159445,1.15971,1.159435,1.159615,364
1788412800,2026-09-03 02:20:00,1.15962,1.159795,1.159495,1.159775,769
1788413100,2026-09-03 02:25:00,1.159775,1.159925,1.1597,1.159775,626
1788413400,2026-09-03 02:30:00,1.15978,1.159805,1.159715,1.159765,583
1788413700,2026-09-03 02:35:00,1.15976,1.159965,1.15976,1.159955,522
1788414000,2026-09-03 02:40:00,1.159955,1.159985,1.159785,1.1598,625
1788414300,2026-09-03 02:45:00,1.159805,1.15997,1.159765,1.15997,498
1788414600,2026-09-03 02:50:00,1.159965,1.160055,1.15976,1.15983,733
1788414900,2026-09-03 02:55:00,1.159835,1.160055,1.159835,1.16001,499
1788415200,2026-09-03 03:00:00,1.160005,1.16003,1.15977,1.159895,1328
1788415500,2026-09-03 03:05:00,1.1599,1.16001,1.159795,1.15982,1419
1788415800,2026-09-03 03:10:00,1.159825,1.159835,1.15962,1.159755,936
1788416100,2026-09-03 03:15:00,1.15976,1.15994,1.15969,1.159735,980
1788416400,2026-09-03 03:20:00,1.15973,1.159805,1.15966,1.15969,446
1788416700,2026-09-03 03:25:00,1.1597,1.160065,1.1597,1.16005,543
1788417000,2026-09-03 03:30:00,1.16006,1.160785,1.16006,1.16062,1294
1788417300,2026-09-03 03:35:00,1.160615,1.160745,1.16043,1.16047,1254
1788417600,2026-09-03 03:40:00,1.160475,1.160775,1.160405,1.160695,1107
1788417900,2026-09-03 03:45:00,1.16069,1.16082,1.16061,1.16073,988
1788418200,2026-09-03 03:50:00,1.16073,1.1608,1.16059,1.160675,1227
1788418500,2026-09-03 03:55:00,1.16067,1.160845,1.160445,1.160455,700
1788418800,2026-09-03 04:00:00,1.16045,1.1614,1.160355,1.16131,2021
1788419100,2026-09-03 04:05:00,1.161315,1.16148,1.161165,1.16139,1857
1788419400,2026-09-03 04:10:00,1.161385,1.161405,1.16069,1.160695,1465
1788419700,2026-09-03 04:15:00,1.16069,1.160955,1.160605,1.160865,909
1788420000,2026-09-03 04:20:00,1.16086,1.16104,1.16064,1.16087,874
1788420300,2026-09-03 04:25:00,1.160865,1.160905,1.16047,1.160485,1102
1788420600,2026-09-03 04:30:00,1.16049,1.16063,1.16045,1.160545,892
1788420900,2026-09-03 04:35:00,1.16055,1.160825,1.160195,1.1603,2328
1788421200,2026-09-03 04:40:00,1.160305,1.160425,1.160195,1.160255,1060
1788421500,2026-09-03 04:45:00,1.160255,1.160505,1.16019,1.16028,1003
1788421800,2026-09-03 04:50:00,1.160285,1.160525,1.160185,1.160475,961
1788422100,2026-09-03 04:55:00,1.16047,1.16069,1.16032,1.1604,803
1788422400,2026-09-03 05:00:00,1.160405,1.160635,1.16009,1.16039,1732
1788422700,2026-09-03 05:05:00,1.160395,1.160855,1.160365,1.160585,2163
1788423000,2026-09-03 05:10:00,1.16058,1.160585,1.159975,1.16012,1129
1788423300,2026-09-03 05:15:00,1.160115,1.16028,1.15998,1.16023,823
1788423600,2026-09-03 05:20:00,1.160225,1.160385,1.160085,1.16022,968
1788423900,2026-09-03 05:25:00,1.160215,1.160475,1.16021,1.16047,689
1788424200,2026-09-03 05:30:00,1.160465,1.16048,1.16024,1.16031,811
1788424500,2026-09-03 05:35:00,1.16031,1.160495,1.16021,1.16043,552
1788424800,2026-09-03 05:40:00,1.16043,1.16067,1.160395,1.16066,479
1788425100,2026-09-03 05:45:00,1.160665,1.160985,1.160655,1.16089,1043
1788425400,2026-09-03 05:50:00,1.16089,1.161145,1.160695,1.161115,865
1788425700,2026-09-03 05:55:00,1.16111,1.16115,1.160815,1.160905,781
1788426000,2026-09-03 06:00:00,1.1609,1.16124,1.16083,1.160885,1432
1788426300,2026-09-03 06:05:00,1.16088,1.160905,1.16055,1.16074,1071
1788426600,2026-09-03 06:10:00,1.16074,1.160825,1.16048,1.1605,1173
1788426900,2026-09-03 06:15:00,1.160495,1.16056,1.16038,1.160485,860
1788427200,2026-09-03 06:20:00,1.16048,1.160675,1.16027,1.160375,1016
1788427500,2026-09-03 06:25:00,1.16037,1.160395,1.16021,1.160345,676
1788427800,2026-09-03 06:30:00,1.16035,1.1604,1.160145,1.160205,910
1788428100,2026-09-03 06:35:00,1.16021,1.16037,1.16014,1.16031,617
1788428400,2026-09-03 06:40:00,1.160305,1.160505,1.16021,1.16044,796
1788428700,2026-09-03 06:45:00,1.160435,1.16064,1.16042,1.160535,847
1788429000,2026-09-03 06:50:00,1.160535,1.16062,1.16039,1.160505,550
1788429300,2026-09-03 06:55:00,1.16051,1.160635,1.160345,1.160575,729
1788429600,2026-09-03 07:00:00,1.16058,1.16071,1.16043,1.1606,843
1788429900,2026-09-03 07:05:00,1.1606,1.16067,1.160305,1.160315,646
1788430200,2026-09-03 07:10:00,1.16031,1.160405,1.16014,1.160155,746
1788430500,2026-09-03 07:15:00,1.16015,1.16027,1.16005,1.160065,763
1788430800,2026-09-03 07:20:00,1.16006,1.160235,1.159995,1.160155,717
1788431100,2026-09-03 07:25:00,1.16016,1.1603,1.160045,1.16009,632
1788431400,2026-09-03 07:30:00,1.160095,1.16015,1.15984,1.1599,698
1788431700,2026-09-03 07:35:00,1.159895,1.160005,1.159805,1.159805,803
1788432000,2026-09-03 07:40:00,1.159805,1.16002,1.15979,1.159875,541
1788432300,2026-09-03 07:45:00,1.15987,1.16006,1.159845,1.160045,465
1788432600,2026-09-03 07:50:00,1.16005,1.160255,1.15999,1.16024,556
1788432900,2026-09-03 07:55:00,1.16025,1.160525,1.16025,1.160395,639
1788433200,2026-09-03 08:00:00,1.1604,1.16045,1.1602,1.160325,836
1788433500,2026-09-03 08:05:00,1.16033,1.160675,1.16019,1.160575,989
1788433800,2026-09-03 08:10:00,1.16058,1.160805,1.160535,1.16076,958
1788434100,2026-09-03 08:15:00,1.160755,1.16144,1.160745,1.16129,1457
1788434400,2026-09-03 08:20:00,1.161295,1.161325,1.16105,1.16106,867
1788434700,2026-09-03 08:25:00,1.161055,1.161085,1.160845,1.161015,595
1788435000,2026-09-03 08:30:00,1.16102,1.161075,1.160525,1.161005,902
1788435300,2026-09-03 08:35:00,1.16101,1.16117,1.16089,1.16091,518
1788435600,2026-09-03 08:40:00,1.160905,1.16102,1.16082,1.160905,537
1788435900,2026-09-03 08:45:00,1.1609,1.161425,1.1608,1.16134,890
1788436200,2026-09-03 08:50:00,1.16134,1.16145,1.161075,1.161165,756
1788436500,2026-09-03 08:55:00,1.16116,1.161315,1.1611,1.161255,836
1788436800,2026-09-03 09:00:00,1.16126,1.161565,1.161125,1.16144,913
1788437100,2026-09-03 09:05:00,1.161435,1.1617,1.161395,1.161535,925
1788437400,2026-09-03 09:10:00,1.16153,1.161535,1.16114,1.161335,1083
1788437700,2026-09-03 09:15:00,1.16134,1.161455,1.16128,1.16134,1026
1788438000,2026-09-03 09:20:00,1.161335,1.161355,1.1609,1.1611,1303
1788438300,2026-09-03 09:25:00,1.161095,1.161095,1.160835,1.161035,793
1788438600,2026-09-03 09:30:00,1.161015,1.1625,1.16101,1.16206,4499
1788438900,2026-09-03 09:35:00,1.162055,1.16236,1.16157,1.16228,2603
1788439200,2026-09-03 09:40:00,1.162285,1.162295,1.16178,1.1619,2564
1788439500,2026-09-03 09:45:00,1.161905,1.16246,1.161765,1.16234,2279
1788439800,2026-09-03 09:50:00,1.162335,1.16303,1.1621,1.16286,2724
1788440100,2026-09-03 09:55:00,1.162855,1.162955,1.162425,1.16258,2170
1788440400,2026-09-03 10:00:00,1.162575,1.16288,1.1624,1.1626,2341
1788440700,2026-09-03 10:05:00,1.1626,1.162685,1.16225,1.16242,1883
1788441000,2026-09-03 10:10:00,1.162415,1.16272,1.16214,1.16265,1774
1788441300,2026-09-03 10:15:00,1.16266,1.16279,1.16201,1.162155,1854
1788441600,2026-09-03 10:20:00,1.16215,1.16237,1.16209,1.162215,1562
1788441900,2026-09-03 10:25:00,1.16221,1.16239,1.162095,1.16233,1346
1788442200,2026-09-03 10:30:00,1.162325,1.16236,1.162085,1.1622,1519
1788442500,2026-09-03 10:35:00,1.162205,1.162505,1.162135,1.162185,1843
1788442800,2026-09-03 10:40:00,1.16218,1.162365,1.16187,1.162315,1477
1788443100,2026-09-03 10:45:00,1.16232,1.16239,1.16174,1.161805,1237
1788443400,2026-09-03 10:50:00,1.16181,1.162205,1.161735,1.162145,1658
1788443700,2026-09-03 10:55:00,1.16215,1.162795,1.16212,1.1627,1486
1788444000,2026-09-03 11:00:00,1.16269,1.16269,1.16201,1.1622,1751
1788444300,2026-09-03 11:05:00,1.162195,1.162525,1.16202,1.16218,1664
1788444600,2026-09-03 11:10:00,1.162185,1.162765,1.16213,1.16247,1571
1788444900,2026-09-03 11:15:00,1.162455,1.162555,1.16233,1.162355,1382
1788445200,2026-09-03 11:20:00,1.16236,1.162495,1.16214,1.162355,1345
1788445500,2026-09-03 11:25:00,1.162345,1.162355,1.161995,1.16232,1180
1788445800,2026-09-03 11:30:00,1.16231,1.16241,1.161835,1.161855,1392
1788446100,2026-09-03 11:35:00,1.16185,1.16192,1.161555,1.161575,1775
1788446400,2026-09-03 11:40:00,1.16158,1.161635,1.161405,1.161405,1595
1788446700,2026-09-03 11:45:00,1.161405,1.161815,1.16133,1.161645,1718
1788447000,2026-09-03 11:50:00,1.16164,1.162045,1.161535,1.161905,1552
1788447300,2026-09-03 11:55:00,1.1619,1.162055,1.161535,1.16183,1934
1788447600,2026-09-03 12:00:00,1.161835,1.16228,1.161765,1.162165,1631
1788447900,2026-09-03 12:05:00,1.16216,1.16245,1.162105,1.162195,1320
1788448200,2026-09-03 12:10:00,1.1622,1.162435,1.162145,1.16235,1127
1788448500,2026-09-03 12:15:00,1.162345,1.162375,1.162125,1.162365,1272
1788448800,2026-09-03 12:20:00,1.16236,1.162475,1.162145,1.16227,1450
1788449100,2026-09-03 12:25:00,1.162275,1.16247,1.162235,1.162405,1056
1788449400,2026-09-03 12:30:00,1.16241,1.16275,1.16236,1.16249,1361
1788449700,2026-09-03 12:35:00,1.162485,1.16249,1.16194,1.16198,912
1788450000,2026-09-03 12:40:00,1.16198,1.16211,1.161845,1.16198,1063
1788450300,2026-09-03 12:45:00,1.161985,1.162045,1.16183,1.16184,878
1788450600,2026-09-03 12:50:00,1.161845,1.161905,1.16174,1.161795,633
1788450900,2026-09-03 12:55:00,1.161805,1.162375,1.16177,1.1623,807
1788451200,2026-09-03 13:00:00,1.162305,1.16252,1.16213,1.162315,889
1788451500,2026-09-03 13:05:00,1.16232,1.16258,1.16228,1.16256,856
1788451800,2026-09-03 13:10:00,1.162555,1.162755,1.162505,1.162725,708
1788452100,2026-09-03 13:15:00,1.16273,1.163165,1.16273,1.163105,721
1788452400,2026-09-03 13:20:00,1.16311,1.16333,1.163055,1.16331,551
1788452700,2026-09-03 13:25:00,1.16332,1.16357,1.16325,1.163525,1081
1788453000,2026-09-03 13:30:00,1.16352,1.16368,1.163435,1.16354,834
1788453300,2026-09-03 13:35:00,1.16353,1.16367,1.16339,1.16358,733
1788453600,2026-09-03 13:40:00,1.163585,1.16375,1.163495,1.163715,670
1788453900,2026-09-03 13:45:00,1.163715,1.163855,1.16369,1.16385,497
1788454200,2026-09-03 13:50:00,1.16385,1.16413,1.163805,1.163815,706
1788454500,2026-09-03 13:55:00,1.16381,1.16407,1.16367,1.16368,492
1788454800,2026-09-03 14:00:00,1.163685,1.16388,1.163575,1.16359,696
1788455100,2026-09-03 14:05:00,1.1636,1.163805,1.163535,1.16355,670
1788455400,2026-09-03 14:10:00,1.163555,1.16369,1.16355,1.163655,461
1788455700,2026-09-03 14:15:00,1.16365,1.1638,1.16359,1.163645,498
1788456000,2026-09-03 14:20:00,1.16365,1.163825,1.16364,1.163765,600
1788456300,2026-09-03 14:25:00,1.16376,1.16376,1.16354,1.1637,493
1788456600,2026-09-03 14:30:00,1.163695,1.16378,1.163625,1.16374,355
1788456900,2026-09-03 14:35:00,1.16374,1.16381,1.163645,1.163655,391
1788457200,2026-09-03 14:40:00,1.16366,1.16372,1.16361,1.163665,351
1788457500,2026-09-03 14:45:00,1.16366,1.163715,1.1636,1.163635,253
1788457800,2026-09-03 14:50:00,1.16363,1.163635,1.16348,1.16353,267
1788458100,2026-09-03 14:55:00,1.163535,1.16354,1.16327,1.163285,356
1788458400,2026-09-03 15:00:00,1.16329,1.163445,1.163285,1.163385,426
1788458700,2026-09-03 15:05:00,1.163385,1.163435,1.16318,1.16343,312
1788459000,2026-09-03 15:10:00,1.163435,1.16354,1.163415,1.163455,330
1788459300,2026-09-03 15:15:00,1.16345,1.163615,1.16343,1.163455,262
1788459600,2026-09-03 15:20:00,1.163455,1.16354,1.16336,1.163455,359
1788459900,2026-09-03 15:25:00,1.16345,1.16365,1.16339,1.16352,561
1788460200,2026-09-03 15:30:00,1.163515,1.163545,1.16337,1.16339,471
1788460500,2026-09-03 15:35:00,1.163395,1.163435,1.163335,1.16337,387
1788460800,2026-09-03 15:40:00,1.16337,1.16341,1.16332,1.163325,259
1788461100,2026-09-03 15:45:00,1.163325,1.16342,1.16322,1.16331,306
1788461400,2026-09-03 15:50:00,1.163315,1.163485,1.163295,1.163385,390
1788461700,2026-09-03 15:55:00,1.16339,1.16349,1.16336,1.163475,348
1788462000,2026-09-03 16:00:00,1.163475,1.163525,1.163265,1.163275,493
1788462300,2026-09-03 16:05:00,1.163285,1.16332,1.163195,1.16323,310
1788462600,2026-09-03 16:10:00,1.16323,1.16332,1.16291,1.162915,400
1788462900,2026-09-03 16:15:00,1.162905,1.16298,1.162755,1.162875,508
1788463200,2026-09-03 16:20:00,1.162865,1.162865,1.162605,1.162635,315
1788463500,2026-09-03 16:25:00,1.162635,1.162705,1.162555,1.16269,382
1788463800,2026-09-03 16:30:00,1.162685,1.162775,1.16256,1.16256,338
1788464100,2026-09-03 16:35:00,1.16256,1.16263,1.162535,1.16261,442
1788464400,2026-09-03 16:40:00,1.162615,1.16273,1.162595,1.162725,312
1788464700,2026-09-03 16:45:00,1.162725,1.162885,1.162725,1.162855,258
1788465000,2026-09-03 16:50:00,1.16286,1.16289,1.16275,1.162755,328
1788465300,2026-09-03 16:55:00,1.16276,1.16307,1.16276,1.162865,537
1788465600,2026-09-03 17:00:00,1.162875,1.162995,1.16279,1.16296,355
1788465900,2026-09-03 17:05:00,1.162955,1.163015,1.16292,1.162945,175
1788466200,2026-09-03 17:10:00,1.162945,1.16298,1.16279,1.162795,107
1788466500,2026-09-03 17:15:00,1.162795,1.162795,1.162615,1.162715,231
1788466800,2026-09-03 17:20:00,1.162715,1.162795,1.162595,1.162615,101
1788467100,2026-09-03 17:25:00,1.162615,1.162705,1.1626,1.162705,76
1788467400,2026-09-03 17:30:00,1.162705,1.162755,1.162645,1.162655,112
1788467700,2026-09-03 17:35:00,1.162655,1.162765,1.162595,1.16274,156
1788468000,2026-09-03 17:40:00,1.162745,1.162755,1.16264,1.162665,341
1788468300,2026-09-03 17:45:00,1.16267,1.162735,1.16264,1.162715,126
1788468600,2026-09-03 17:50:00,1.16271,1.162755,1.16269,1.162695,85
1788468900,2026-09-03 17:55:00,1.162705,1.16273,1.16255,1.162585,247
1788469200,2026-09-03 18:00:00,1.162595,1.162595,1.162595,1.162595,1
1788469500,2026-09-03 18:05:00,1.162595,1.162755,1.162595,1.16261,29
1788469800,2026-09-03 18:10:00,1.16261,1.16304,1.16261,1.163005,21
1788470100,2026-09-03 18:15:00,1.163005,1.163005,1.16271,1.1628,26
1788470400,2026-09-03 18:20:00,1.1628,1.16288,1.162705,1.162745,89
1788470700,2026-09-03 18:25:00,1.16275,1.162915,1.162505,1.162525,83
1788471000,2026-09-03 18:30:00,1.162525,1.162535,1.1625,1.162505,30
1788471300,2026-09-03 18:35:00,1.162505,1.162555,1.162505,1.16254,36
1788471600,2026-09-03 18:40:00,1.16254,1.16259,1.162515,1.162515,17
1788471900,2026-09-03 18:45:00,1.16251,1.162685,1.162495,1.16256,49
1788472200,2026-09-03 18:50:00,1.16256,1.162645,1.16254,1.162585,66
1788472500,2026-09-03 18:55:00,1.162585,1.16277,1.16255,1.1626,118
1788472800,2026-09-03 19:00:00,1.162645,1.162715,1.16244,1.16255,184
1788473100,2026-09-03 19:05:00,1.16255,1.16255,1.162495,1.16251,28
1788473400,2026-09-03 19:10:00,1.162515,1.16271,1.162515,1.16265,122
1788473700,2026-09-03 19:15:00,1.162645,1.162675,1.16258,1.16258,84
1788474000,2026-09-03 19:20:00,1.162575,1.16261,1.162555,1.162605,60
1788474300,2026-09-03 19:25:00,1.162605,1.162615,1.162595,1.1626,15
1788474600,2026-09-03 19:30:00,1.162595,1.162655,1.162595,1.16261,103
1788474900,2026-09-03 19:35:00,1.16261,1.16261,1.1625,1.16256,200
1788475200,2026-09-03 19:40:00,1.162565,1.162575,1.16253,1.162535,62
1788475500,2026-09-03 19:45:00,1.162535,1.162545,1.162405,1.162445,166
1788475800,2026-09-03 19:50:00,1.162435,1.162445,1.16233,1.16235,242
1788476100,2026-09-03 19:55:00,1.162345,1.162365,1.162285,1.162315,150
1788476400,2026-09-03 20:00:00,1.16232,1.162385,1.16229,1.16236,282
1788476700,2026-09-03 20:05:00,1.16236,1.162495,1.162345,1.162475,173
1788477000,2026-09-03 20:10:00,1.162485,1.16249,1.162355,1.16239,120
1788477300,2026-09-03 20:15:00,1.16239,1.16246,1.162385,1.16245,63
1788477600,2026-09-03 20:20:00,1.16245,1.16255,1.16245,1.162535,103
1788477900,2026-09-03 20:25:00,1.162535,1.16254,1.162485,1.162505,64
1788478200,2026-09-03 20:30:00,1.162505,1.162755,1.162495,1.162565,287
1788478500,2026-09-03 20:35:00,1.16257,1.16266,1.16256,1.162605,238
1788478800,2026-09-03 20:40:00,1.162605,1.1627,1.16254,1.16264,230
1788479100,2026-09-03 20:45:00,1.16264,1.16276,1.1626,1.16272,224
1788479400,2026-09-03 20:50:00,1.16272,1.162845,1.162705,1.162815,206
1788479700,2026-09-03 20:55:00,1.16281,1.162855,1.162775,1.162795,160
1788480000,2026-09-03 21:00:00,1.1628,1.16303,1.162755,1.163005,742
1788480300,2026-09-03 21:05:00,1.163,1.163145,1.16286,1.16286,839
1788480600,2026-09-03 21:10:00,1.16286,1.162955,1.16276,1.16287,454
1788480900,2026-09-03 21:15:00,1.16287,1.162915,1.16269,1.16275,398
1788481200,2026-09-03 21:20:00,1.162745,1.162885,1.162675,1.162835,472
1788481500,2026-09-03 21:25:00,1.162835,1.162835,1.162605,1.162605,249
1788481800,2026-09-03 21:30:00,1.16259,1.16272,1.16259,1.162665,252
1788482100,2026-09-03 21:35:00,1.162665,1.162755,1.16253,1.162605,256
1788482400,2026-09-03 21:40:00,1.162605,1.162845,1.16258,1.162795,455
1788482700,2026-09-03 21:45:00,1.1628,1.163015,1.1628,1.1629,420
1788483000,2026-09-03 21:50:00,1.1629,1.16313,1.1629,1.163075,356
1788483300,2026-09-03 21:55:00,1.16307,1.16312,1.162785,1.16279,477
1788483600,2026-09-03 22:00:00,1.162805,1.16294,1.16273,1.16279,461
1788483900,2026-09-03 22:05:00,1.1628,1.162945,1.162765,1.162855,398
1788484200,2026-09-03 22:10:00,1.162855,1.16297,1.162755,1.162755,342
1788484500,2026-09-03 22:15:00,1.16275,1.162905,1.16271,1.162845,520
1788484800,2026-09-03 22:20:00,1.162845,1.16316,1.16282,1.16296,493
1788485100,2026-09-03 22:25:00,1.162965,1.163045,1.162815,1.16293,584
1788485400,2026-09-03 22:30:00,1.162925,1.16296,1.16278,1.16281,609
1788485700,2026-09-03 22:35:00,1.16281,1.16296,1.16278,1.16281,638
1788486000,2026-09-03 22:40:00,1.162815,1.162945,1.162795,1.162925,445
1788486300,2026-09-03 22:45:00,1.16293,1.162955,1.16283,1.16289,413
1788486600,2026-09-03 22:50:00,1.162885,1.162915,1.16281,1.162865,271
1788486900,2026-09-03 22:55:00,1.16286,1.16301,1.162855,1.16301,277
1788487200,2026-09-03 23:00:00,1.163015,1.16331,1.162985,1.16329,364
1788487500,2026-09-03 23:05:00,1.16329,1.1633,1.162995,1.163015,416
1788487800,2026-09-03 23:10:00,1.16302,1.16307,1.16295,1.163005,318
1788488100,2026-09-03 23:15:00,1.16301,1.163045,1.162845,1.16286,216
1788488400,2026-09-03 23:20:00,1.16286,1.162865,1.16267,1.162705,176
1788488700,2026-09-03 23:25:00,1.162705,1.162755,1.162615,1.162745,241
1788489000,2026-09-03 23:30:00,1.162745,1.16284,1.162695,1.16273,239
1788489300,2026-09-03 23:35:00,1.16273,1.16289,1.162715,1.16287,401
1788489600,2026-09-03 23:40:00,1.162865,1.16291,1.16279,1.162815,196
1788489900,2026-09-03 23:45:00,1.162815,1.16287,1.162795,1.162865,331
1788490200,2026-09-03 23:50:00,1.16287,1.162965,1.162815,1.162955,261
1788490500,2026-09-03 23:55:00,1.16296,1.162985,1.16271,1.162755,332
1788490800,2026-09-04 00:00:00,1.162755,1.16284,1.162695,1.162815,276
1788491100,2026-09-04 00:05:00,1.16282,1.16282,1.16268,1.16274,410
1788491400,2026-09-04 00:10:00,1.16274,1.162845,1.16269,1.162815,318
1788491700,2026-09-04 00:15:00,1.162815,1.162865,1.162795,1.162795,163
1788492000,2026-09-04 00:20:00,1.162795,1.162865,1.162765,1.162805,242
1788492300,2026-09-04 00:25:00,1.162805,1.162805,1.162695,1.162725,251
1788492600,2026-09-04 00:30:00,1.162725,1.162725,1.162545,1.16269,216
1788492900,2026-09-04 00:35:00,1.16269,1.16271,1.162435,1.162475,375
1788493200,2026-09-04 00:40:00,1.16248,1.162525,1.162305,1.162325,461
1788493500,2026-09-04 00:45:00,1.162325,1.162395,1.16225,1.162315,457
1788493800,2026-09-04 00:50:00,1.162315,1.16245,1.16227,1.162325,313
1788494100,2026-09-04 00:55:00,1.16231,1.162395,1.162275,1.162295,226
1788494400,2026-09-04 01:00:00,1.162295,1.162685,1.16229,1.162675,871
1788494700,2026-09-04 01:05:00,1.16268,1.162775,1.162515,1.162545,492
1788495000,2026-09-04 01:10:00,1.16254,1.16262,1.16249,1.162565,237
1788495300,2026-09-04 01:15:00,1.162565,1.162585,1.162485,1.1625,178
1788495600,2026-09-04 01:20:00,1.1625,1.162575,1.1624,1.16241,332
1788495900,2026-09-04 01:25:00,1.16241,1.162555,1.162355,1.16251,260
1788496200,2026-09-04 01:30:00,1.16251,1.16264,1.162475,1.162485,243
1788496500,2026-09-04 01:35:00,1.162485,1.16278,1.162475,1.16275,237
1788496800,2026-09-04 01:40:00,1.162755,1.16276,1.16267,1.162715,219
1788497100,2026-09-04 01:45:00,1.162715,1.16276,1.1626,1.162665,216
1788497400,2026-09-04 01:50:00,1.162665,1.162745,1.162605,1.162705,149
1788497700,2026-09-04 01:55:00,1.162705,1.162755,1.16261,1.162665,255
1788498000,2026-09-04 02:00:00,1.16267,1.16268,1.162515,1.162535,212
1788498300,2026-09-04 02:05:00,1.162535,1.162665,1.162475,1.162555,170
1788498600,2026-09-04 02:10:00,1.162555,1.16272,1.162545,1.162715,127
1788498900,2026-09-04 02:15:00,1.162715,1.162785,1.162665,1.162725,240
1788499200,2026-09-04 02:20:00,1.162725,1.16277,1.16265,1.16267,322
1788499500,2026-09-04 02:25:00,1.16267,1.162775,1.16264,1.16274,202
1788499800,2026-09-04 02:30:00,1.162745,1.16289,1.16273,1.162875,304
1788500100,2026-09-04 02:35:00,1.16288,1.16288,1.162775,1.162805,227
1788500400,2026-09-04 02:40:00,1.1628,1.1628,1.16264,1.16266,251
1788500700,2026-09-04 02:45:00,1.16266,1.162735,1.162585,1.162705,260
1788501000,2026-09-04 02:50:00,1.1627,1.162705,1.162515,1.162655,264
1788501300,2026-09-04 02:55:00,1.16266,1.16284,1.16266,1.1628,238
1788501600,2026-09-04 03:00:00,1.162795,1.163005,1.162745,1.162995,493
1788501900,2026-09-04 03:05:00,1.163,1.163035,1.162955,1.16299,482
1788502200,2026-09-04 03:10:00,1.162995,1.16303,1.16286,1.16299,365
1788502500,2026-09-04 03:15:00,1.162995,1.162995,1.16279,1.1629,590
1788502800,2026-09-04 03:20:00,1.162895,1.16298,1.162855,1.162875,421
1788503100,2026-09-04 03:25:00,1.16286,1.162945,1.162815,1.162925,402
1788503400,2026-09-04 03:30:00,1.16293,1.163,1.16271,1.16298,684
1788503700,2026-09-04 03:35:00,1.16298,1.16298,1.162775,1.16285,296
1788504000,2026-09-04 03:40:00,1.16285,1.16298,1.162825,1.162865,286
1788504300,2026-09-04 03:45:00,1.162865,1.16296,1.162755,1.162845,354
1788504600,2026-09-04 03:50:00,1.162845,1.162945,1.162825,1.162895,292
1788504900,2026-09-04 03:55:00,1.16289,1.16293,1.1627,1.162745,334
1788505200,2026-09-04 04:00:00,1.162755,1.162985,1.162675,1.162935,686
1788505500,2026-09-04 04:05:00,1.16293,1.162995,1.162745,1.162775,391
1788505800,2026-09-04 04:10:00,1.162775,1.162865,1.162605,1.162605,499
1788506100,2026-09-04 04:15:00,1.16261,1.162665,1.162565,1.162665,376
1788506400,2026-09-04 04:20:00,1.162675,1.162755,1.16259,1.162605,400
1788506700,2026-09-04 04:25:00,1.162605,1.16286,1.162605,1.162835,348
1788507000,2026-09-04 04:30:00,1.16283,1.1629,1.16277,1.162845,329
1788507300,2026-09-04 04:35:00,1.162845,1.162865,1.16264,1.16267,332
1788507600,2026-09-04 04:40:00,1.162665,1.162855,1.162605,1.162835,405
1788507900,2026-09-04 04:45:00,1.16284,1.16287,1.162665,1.162775,398
1788508200,2026-09-04 04:50:00,1.16278,1.16279,1.16229,1.162305,455
1788508500,2026-09-04 04:55:00,1.16231,1.16237,1.162125,1.162275,464
1788508800,2026-09-04 05:00:00,1.162265,1.162355,1.162115,1.162305,528
1788509100,2026-09-04 05:05:00,1.16231,1.16231,1.161885,1.162015,443
1788509400,2026-09-04 05:10:00,1.16202,1.162075,1.161905,1.16195,405
1788509700,2026-09-04 05:15:00,1.161955,1.16218,1.16191,1.162165,355
1788510000,2026-09-04 05:20:00,1.16217,1.162215,1.161995,1.16204,431
1788510300,2026-09-04 05:25:00,1.16205,1.16232,1.162035,1.162305,356
1788510600,2026-09-04 05:30:00,1.162325,1.162325,1.162115,1.162225,469
1788510900,2026-09-04 05:35:00,1.16224,1.16236,1.162125,1.16231,397
1788511200,2026-09-04 05:40:00,1.16232,1.162375,1.1622,1.162365,421
1788511500,2026-09-04 05:45:00,1.162365,1.162485,1.162345,1.162425,416
1788511800,2026-09-04 05:50:00,1.16243,1.162495,1.162275,1.162365,407
1788512100,2026-09-04 05:55:00,1.16237,1.162555,1.16235,1.162525,297
1788512400,2026-09-04 06:00:00,1.16252,1.16252,1.16224,1.162275,480
1788512700,2026-09-04 06:05:00,1.162285,1.16235,1.16215,1.16225,521
1788513000,2026-09-04 06:10:00,1.162245,1.16233,1.162155,1.16225,448
1788513300,2026-09-04 06:15:00,1.16224,1.162405,1.162195,1.16235,437
1788513600,2026-09-04 06:20:00,1.16235,1.16237,1.162205,1.162205,358
1788513900,2026-09-04 06:25:00,1.162215,1.16226,1.16209,1.16218,479
1788514200,2026-09-04 06:30:00,1.162185,1.162215,1.161895,1.161995,674
1788514500,2026-09-04 06:35:00,1.162,1.162105,1.16192,1.162095,571
1788514800,2026-09-04 06:40:00,1.162095,1.162255,1.162005,1.162015,578
1788515100,2026-09-04 06:45:00,1.16202,1.16209,1.16193,1.16204,400
1788515400,2026-09-04 06:50:00,1.16204,1.16205,1.16174,1.161875,635
1788515700,2026-09-04 06:55:00,1.161875,1.162045,1.16162,1.161715,475
1788516000,2026-09-04 07:00:00,1.16171,1.1619,1.161675,1.16179,493
1788516300,2026-09-04 07:05:00,1.161795,1.16188,1.161735,1.161845,295
1788516600,2026-09-04 07:10:00,1.16184,1.16193,1.161765,1.16191,481
1788516900,2026-09-04 07:15:00,1.16191,1.16209,1.1619,1.162035,516
1788517200,2026-09-04 07:20:00,1.162035,1.162035,1.161845,1.161885,415
1788517500,2026-09-04 07:25:00,1.1619,1.162085,1.16175,1.161805,579
1788517800,2026-09-04 07:30:00,1.16181,1.161975,1.161765,1.161855,409
1788518100,2026-09-04 07:35:00,1.16186,1.16193,1.161705,1.161835,578
1788518400,2026-09-04 07:40:00,1.16184,1.16204,1.161825,1.162015,484
1788518700,2026-09-04 07:45:00,1.162015,1.162325,1.162005,1.162125,626
1788519000,2026-09-04 07:50:00,1.16212,1.162235,1.16207,1.16217,391
1788519300,2026-09-04 07:55:00,1.162165,1.162205,1.16207,1.162075,447
1788519600,2026-09-04 08:00:00,1.16207,1.16227,1.162055,1.162185,547
1788519900,2026-09-04 08:05:00,1.16218,1.16219,1.16204,1.162055,348
1788520200,2026-09-04 08:10:00,1.16206,1.16228,1.162055,1.16219,421
1788520500,2026-09-04 08:15:00,1.16219,1.162245,1.1621,1.16212,257
1788520800,2026-09-04 08:20:00,1.162115,1.16238,1.162115,1.162315,582
1788521100,2026-09-04 08:25:00,1.1623,1.1623,1.16218,1.16218,535
1788521400,2026-09-04 08:30:00,1.162175,1.16218,1.162055,1.162115,405
1788521700,2026-09-04 08:35:00,1.16212,1.162225,1.16207,1.16212,404
1788522000,2026-09-04 08:40:00,1.16212,1.162175,1.161955,1.162175,348
1788522300,2026-09-04 08:45:00,1.162175,1.16238,1.16211,1.16214,381
1788522600,2026-09-04 08:50:00,1.162135,1.16239,1.1621,1.162225,523
1788522900,2026-09-04 08:55:00,1.16223,1.16229,1.16202,1.162055,427
1788523200,2026-09-04 09:00:00,1.16206,1.162415,1.16205,1.162315,886
1788523500,2026-09-04 09:05:00,1.16231,1.16238,1.16215,1.162205,675
1788523800,2026-09-04 09:10:00,1.16221,1.162295,1.162035,1.162195,575
1788524100,2026-09-04 09:15:00,1.162195,1.16246,1.162195,1.162435,761
1788524400,2026-09-04 09:20:00,1.16244,1.1625,1.162315,1.162355,1085
1788524700,2026-09-04 09:25:00,1.16235,1.162725,1.16233,1.1627,1075
1788525000,2026-09-04 09:30:00,1.162715,1.162725,1.158485,1.15947,7249
1788525300,2026-09-04 09:35:00,1.159465,1.16019,1.159155,1.15966,5238
1788525600,2026-09-04 09:40:00,1.159655,1.160085,1.159215,1.15991,3182
1788525900,2026-09-04 09:45:00,1.159915,1.16018,1.15904,1.16008,3445
1788526200,2026-09-04 09:50:00,1.16009,1.160455,1.159785,1.15997,4181
1788526500,2026-09-04 09:55:00,1.15998,1.16024,1.15964,1.160175,2476
1788526800,2026-09-04 10:00:00,1.16016,1.160395,1.1599,1.159905,2627
1788527100,2026-09-04 10:05:00,1.159915,1.16009,1.159695,1.15982,1645
1788527400,2026-09-04 10:10:00,1.159825,1.16011,1.15963,1.16006,1419
1788527700,2026-09-04 10:15:00,1.160055,1.160775,1.16004,1.160705,1855
1788528000,2026-09-04 10:20:00,1.1607,1.16112,1.160675,1.161115,2173
1788528300,2026-09-04 10:25:00,1.16112,1.16156,1.161065,1.161495,1556
1788528600,2026-09-04 10:30:00,1.1615,1.161835,1.161205,1.16125,2080
1788528900,2026-09-04 10:35:00,1.161245,1.161345,1.16097,1.16105,1749
1788529200,2026-09-04 10:40:00,1.161055,1.16153,1.161045,1.16148,2129
1788529500,2026-09-04 10:45:00,1.16149,1.16233,1.16142,1.161985,2222
1788529800,2026-09-04 10:50:00,1.16199,1.161995,1.161305,1.16149,2184
1788530100,2026-09-04 10:55:00,1.161495,1.16152,1.160885,1.161025,1455
1788530400,2026-09-04 11:00:00,1.161015,1.161215,1.16087,1.161015,1709
1788530700,2026-09-04 11:05:00,1.161025,1.161555,1.16095,1.16145,1765
1788531000,2026-09-04 11:10:00,1.161435,1.16144,1.16103,1.161335,1734
1788531300,2026-09-04 11:15:00,1.16133,1.16163,1.16114,1.16161,1344
1788531600,2026-09-04 11:20:00,1.1616,1.161765,1.161435,1.16146,1352
1788531900,2026-09-04 11:25:00,1.161465,1.16177,1.161445,1.16156,1234
1788532200,2026-09-04 11:30:00,1.161565,1.16213,1.161475,1.16202,1503
1788532500,2026-09-04 11:35:00,1.162015,1.16206,1.161755,1.1619,1750
1788532800,2026-09-04 11:40:00,1.161905,1.162175,1.161815,1.16201,1715
1788533100,2026-09-04 11:45:00,1.162015,1.162115,1.1616,1.16176,1592
1788533400,2026-09-04 11:50:00,1.161755,1.16178,1.16148,1.161555,1503
1788533700,2026-09-04 11:55:00,1.16156,1.16174,1.161355,1.16155,1657
1788534000,2026-09-04 12:00:00,1.161545,1.16182,1.161245,1.16169,1358
1788534300,2026-09-04 12:05:00,1.161685,1.161945,1.16167,1.161865,1421
1788534600,2026-09-04 12:10:00,1.16187,1.16223,1.161865,1.162215,1080
1788534900,2026-09-04 12:15:00,1.16222,1.162265,1.161995,1.162245,1370
1788535200,2026-09-04 12:20:00,1.162245,1.16227,1.162015,1.162105,864
1788535500,2026-09-04 12:25:00,1.16211,1.162125,1.161935,1.16195,942
1788535800,2026-09-04 12:30:00,1.161955,1.162205,1.16194,1.16197,956
1788536100,2026-09-04 12:35:00,1.161975,1.162155,1.16191,1.16206,768
1788536400,2026-09-04 12:40:00,1.16206,1.16227,1.161995,1.162005,665
1788536700,2026-09-04 12:45:00,1.162005,1.162285,1.162005,1.16227,574
1788537000,2026-09-04 12:50:00,1.162265,1.16232,1.161845,1.161845,653
1788537300,2026-09-04 12:55:00,1.16185,1.16201,1.161765,1.161775,759
1788537600,2026-09-04 13:00:00,1.16178,1.162115,1.16176,1.16207,682
1788537900,2026-09-04 13:05:00,1.162075,1.16212,1.16183,1.161965,658
1788538200,2026-09-04 13:10:00,1.161975,1.162265,1.16183,1.1622,516
1788538500,2026-09-04 13:15:00,1.162195,1.16234,1.162175,1.16226,543
1788538800,2026-09-04 13:20:00,1.162265,1.162475,1.16222,1.16222,831
1788539100,2026-09-04 13:25:00,1.16222,1.16227,1.16206,1.162115,720
1788539400,2026-09-04 13:30:00,1.16212,1.16233,1.162065,1.1623,645
1788539700,2026-09-04 13:35:00,1.1623,1.16236,1.16211,1.162115,322
1788540000,2026-09-04 13:40:00,1.162115,1.162215,1.162015,1.16217,513
1788540300,2026-09-04 13:45:00,1.16217,1.16228,1.16211,1.16222,485
1788540600,2026-09-04 13:50:00,1.162225,1.162275,1.16211,1.16211,293
1788540900,2026-09-04 13:55:00,1.16211,1.16217,1.161915,1.162065,525
1788541200,2026-09-04 14:00:00,1.16207,1.162075,1.161545,1.161555,963
1788541500,2026-09-04 14:05:00,1.16156,1.161725,1.16151,1.161655,751
1788541800,2026-09-04 14:10:00,1.16166,1.161685,1.161565,1.16159,468
1788542100,2026-09-04 14:15:00,1.161595,1.161775,1.16159,1.161665,476
1788542400,2026-09-04 14:20:00,1.16166,1.16176,1.16143,1.16155,472
1788542700,2026-09-04 14:25:00,1.16155,1.161575,1.161335,1.16136,672
1788543000,2026-09-04 14:30:00,1.16135,1.161495,1.16135,1.16146,533
1788543300,2026-09-04 14:35:00,1.161455,1.161475,1.161325,1.16141,502
1788543600,2026-09-04 14:40:00,1.161415,1.16142,1.16126,1.16127,333
1788543900,2026-09-04 14:45:00,1.16128,1.161305,1.161195,1.16126,301
1788544200,2026-09-04 14:50:00,1.161255,1.16143,1.161245,1.16138,429
1788544500,2026-09-04 14:55:00,1.16138,1.16138,1.16123,1.161255,345
1788544800,2026-09-04 15:00:00,1.16126,1.16135,1.161205,1.16126,516
1788545100,2026-09-04 15:05:00,1.161265,1.16134,1.161065,1.161165,467
1788545400,2026-09-04 15:10:00,1.161165,1.161265,1.16109,1.16112,450
1788545700,2026-09-04 15:15:00,1.16113,1.16121,1.161075,1.161105,343
1788546000,2026-09-04 15:20:00,1.16111,1.161225,1.161035,1.161165,343
1788546300,2026-09-04 15:25:00,1.16116,1.16126,1.161085,1.161155,451
1788546600,2026-09-04 15:30:00,1.16116,1.16125,1.161125,1.16123,364
1788546900,2026-09-04 15:35:00,1.16124,1.16124,1.16099,1.16105,337
1788547200,2026-09-04 15:40:00,1.16105,1.16123,1.160995,1.160995,426
1788547500,2026-09-04 15:45:00,1.161,1.16101,1.160855,1.16095,414
1788547800,2026-09-04 15:50:00,1.160955,1.160995,1.1609,1.160915,368
1788548100,2026-09-04 15:55:00,1.16092,1.1611,1.160915,1.16107,414
1788548400,2026-09-04 16:00:00,1.161065,1.16123,1.161015,1.161225,484
1788548700,2026-09-04 16:05:00,1.16123,1.16129,1.161205,1.16128,204
1788549000,2026-09-04 16:10:00,1.161275,1.161275,1.161175,1.161225,238
1788549300,2026-09-04 16:15:00,1.161225,1.161365,1.161225,1.161315,269
1788549600,2026-09-04 16:20:00,1.161315,1.161455,1.161245,1.161375,172
1788549900,2026-09-04 16:25:00,1.161365,1.161475,1.161355,1.16147,285
1788550200,2026-09-04 16:30:00,1.161465,1.161475,1.161325,1.161465,257
1788550500,2026-09-04 16:35:00,1.16146,1.161475,1.161375,1.161475,237
1788550800,2026-09-04 16:40:00,1.16148,1.161595,1.161445,1.161575,154
1788551100,2026-09-04 16:45:00,1.16156,1.16157,1.16143,1.16144,170
1788551400,2026-09-04 16:50:00,1.161445,1.16151,1.16144,1.16147,263
1788551700,2026-09-04 16:55:00,1.161475,1.16156,1.161365,1.161465,460
1788552000,2026-09-04 17:00:00,1.16146,1.161535,1.161365,1.161375,160
1788552300,2026-09-04 17:05:00,1.161375,1.161375,1.16129,1.161305,28
1788552600,2026-09-04 17:10:00,1.161285,1.161295,1.161215,1.161265,61
1788552900,2026-09-04 17:15:00,1.16127,1.16132,1.161265,1.16131,65
1788553200,2026-09-04 17:20:00,1.161315,1.161385,1.161315,1.161325,119
1788553500,2026-09-04 17:25:00,1.16132,1.161365,1.16117,1.161325,108
1788553800,2026-09-04 17:30:00,1.161325,1.161335,1.16126,1.161265,72
1788554100,2026-09-04 17:35:00,1.16127,1.161285,1.161245,1.161255,60
1788554400,2026-09-04 17:40:00,1.161265,1.161285,1.16121,1.16124,95
1788554700,2026-09-04 17:45:00,1.161245,1.161325,1.16116,1.161215,210
1788555000,2026-09-04 17:50:00,1.16122,1.16133,1.161195,1.161315,292
1788555300,2026-09-04 17:55:00,1.16129,1.16145,1.161275,1.16136,721
1788728400,2026-09-06 18:00:00,1.16136,1.16143,1.161335,1.161335,9
1788728700,2026-09-06 18:05:00,1.16131,1.161415,1.16131,1.16135,30
1788729000,2026-09-06 18:10:00,1.16135,1.161395,1.161275,1.1613,41
1788729300,2026-09-06 18:15:00,1.161295,1.161305,1.161265,1.16128,21
1788729600,2026-09-06 18:20:00,1.16128,1.16128,1.161105,1.161105,4
1788729900,2026-09-06 18:25:00,1.161105,1.16112,1.161105,1.161115,3
1788730200,2026-09-06 18:30:00,1.161115,1.161135,1.16086,1.16093,102
1788730500,2026-09-06 18:35:00,1.16093,1.160975,1.16092,1.160965,23
1788730800,2026-09-06 18:40:00,1.160965,1.16112,1.160935,1.161115,73
1788731100,2026-09-06 18:45:00,1.161115,1.16112,1.16095,1.16097,57
1788731400,2026-09-06 18:50:00,1.16097,1.161055,1.16097,1.16104,22
1788731700,2026-09-06 18:55:00,1.16104,1.161045,1.16082,1.160845,37
1788732000,2026-09-06 19:00:00,1.16086,1.161155,1.16086,1.161105,286
1788732300,2026-09-06 19:05:00,1.161095,1.161235,1.16109,1.16123,127
1788732600,2026-09-06 19:10:00,1.16122,1.161275,1.16115,1.161265,177
1788732900,2026-09-06 19:15:00,1.16127,1.161335,1.161245,1.161265,194
1788733200,2026-09-06 19:20:00,1.161265,1.16131,1.161245,1.161305,150
1788733500,2026-09-06 19:25:00,1.16131,1.16131,1.16128,1.161285,34
1788733800,2026-09-06 19:30:00,1.161275,1.16129,1.16123,1.161285,96
1788734100,2026-09-06 19:35:00,1.161285,1.161295,1.161235,1.161265,55
1788734400,2026-09-06 19:40:00,1.161265,1.16128,1.161225,1.161265,62
1788734700,2026-09-06 19:45:00,1.161265,1.161365,1.161265,1.161355,73
1788735000,2026-09-06 19:50:00,1.161355,1.16136,1.161305,1.161315,36
1788735300,2026-09-06 19:55:00,1.161315,1.16132,1.161305,1.16131,57
1788735600,2026-09-06 20:00:00,1.161305,1.16141,1.161305,1.16136,134
1788735900,2026-09-06 20:05:00,1.16136,1.16144,1.16136,1.161405,109
1788736200,2026-09-06 20:10:00,1.161405,1.161565,1.16136,1.161535,146
1788736500,2026-09-06 20:15:00,1.161535,1.161545,1.161515,1.161515,24
1788736800,2026-09-06 20:20:00,1.161515,1.16153,1.16147,1.16147,38
1788737100,2026-09-06 20:25:00,1.16147,1.161495,1.16147,1.16147,96
1788737400,2026-09-06 20:30:00,1.161465,1.161615,1.161415,1.161585,185
1788737700,2026-09-06 20:35:00,1.161595,1.16161,1.161495,1.161565,153
1788738000,2026-09-06 20:40:00,1.161565,1.16159,1.16151,1.16157,74
1788738300,2026-09-06 20:45:00,1.16157,1.161585,1.161405,1.161415,98
1788738600,2026-09-06 20:50:00,1.161415,1.16148,1.161325,1.16148,124
1788738900,2026-09-06 20:55:00,1.161475,1.16149,1.16131,1.16132,270
1788739200,2026-09-06 21:00:00,1.16133,1.161445,1.161265,1.1614,698
1788739500,2026-09-06 21:05:00,1.161405,1.16149,1.161285,1.161355,425
1788739800,2026-09-06 21:10:00,1.161355,1.16153,1.161345,1.161455,373
1788740100,2026-09-06 21:15:00,1.161455,1.161665,1.16144,1.1616,524
1788740400,2026-09-06 21:20:00,1.161595,1.16175,1.161515,1.161655,420
1788740700,2026-09-06 21:25:00,1.16165,1.161885,1.16165,1.161815,384
1788741000,2026-09-06 21:30:00,1.161815,1.161915,1.161765,1.16181,386
1788741300,2026-09-06 21:35:00,1.16181,1.161935,1.16179,1.161895,313
1788741600,2026-09-06 21:40:00,1.161895,1.162005,1.161865,1.16193,306
1788741900,2026-09-06 21:45:00,1.16193,1.162005,1.161885,1.161955,246
1788742200,2026-09-06 21:50:00,1.161955,1.162025,1.161825,1.161885,363
1788742500,2026-09-06 21:55:00,1.16189,1.1619,1.161705,1.161835,302
1788742800,2026-09-06 22:00:00,1.16184,1.161865,1.16164,1.161645,567
1788743100,2026-09-06 22:05:00,1.16164,1.161855,1.161625,1.16163,785
1788743400,2026-09-06 22:10:00,1.161635,1.16182,1.161565,1.161715,426
1788743700,2026-09-06 22:15:00,1.16173,1.161765,1.161315,1.1614,538
1788744000,2026-09-06 22:20:00,1.1614,1.16162,1.161365,1.161465,324
1788744300,2026-09-06 22:25:00,1.16146,1.1617,1.161455,1.161635,387
1788744600,2026-09-06 22:30:00,1.16164,1.16166,1.161445,1.1615,467
1788744900,2026-09-06 22:35:00,1.1615,1.161615,1.161485,1.16159,267
1788745200,2026-09-06 22:40:00,1.161595,1.161605,1.16132,1.161415,412
1788745500,2026-09-06 22:45:00,1.16141,1.161545,1.161355,1.161505,344
1788745800,2026-09-06 22:50:00,1.1615,1.161645,1.1615,1.161565,258
1788746100,2026-09-06 22:55:00,1.161555,1.161555,1.16131,1.161355,274
1788746400,2026-09-06 23:00:00,1.16136,1.161375,1.1612,1.16131,272
1788746700,2026-09-06 23:05:00,1.161305,1.161325,1.161065,1.16111,258
1788747000,2026-09-06 23:10:00,1.161105,1.161115,1.160955,1.16096,252
1788747300,2026-09-06 23:15:00,1.16096,1.161055,1.16093,1.16105,318
1788747600,2026-09-06 23:20:00,1.16105,1.16107,1.160885,1.16107,258
1788747900,2026-09-06 23:25:00,1.161065,1.16111,1.16103,1.16111,207
1788748200,2026-09-06 23:30:00,1.161115,1.1612,1.161075,1.161155,337
1788748500,2026-09-06 23:35:00,1.161155,1.16119,1.161085,1.16109,135
1788748800,2026-09-06 23:40:00,1.16109,1.161095,1.160895,1.16091,195
1788749100,2026-09-06 23:45:00,1.16091,1.160985,1.160855,1.16095,295
1788749400,2026-09-06 23:50:00,1.16095,1.16096,1.16088,1.160895,197
1788749700,2026-09-06 23:55:00,1.160895,1.160935,1.16074,1.160915,356
1788750000,2026-09-07 00:00:00,1.160925,1.161015,1.16084,1.161015,232
1788750300,2026-09-07 00:05:00,1.161025,1.161025,1.1609,1.1609,150
1788750600,2026-09-07 00:10:00,1.1609,1.160955,1.16086,1.16095,159
1788750900,2026-09-07 00:15:00,1.160955,1.161095,1.16092,1.16106,293
1788751200,2026-09-07 00:20:00,1.161065,1.16122,1.16104,1.161205,333
1788751500,2026-09-07 00:25:00,1.161205,1.161215,1.161135,1.1612,125
1788751800,2026-09-07 00:30:00,1.1612,1.16122,1.16099,1.16101,151
1788752100,2026-09-07 00:35:00,1.161005,1.161065,1.160955,1.160975,208
1788752400,2026-09-07 00:40:00,1.160975,1.161055,1.160885,1.16096,196
1788752700,2026-09-07 00:45:00,1.16096,1.16101,1.160955,1.16096,148
1788753000,2026-09-07 00:50:00,1.16096,1.160985,1.160905,1.160965,226
1788753300,2026-09-07 00:55:00,1.160965,1.161175,1.160955,1.16117,232
1788753600,2026-09-07 01:00:00,1.161165,1.1612,1.16102,1.161055,310
1788753900,2026-09-07 01:05:00,1.161055,1.161115,1.161015,1.16106,170
1788754200,2026-09-07 01:10:00,1.16106,1.161085,1.161035,1.161065,272
1788754500,2026-09-07 01:15:00,1.16106,1.161105,1.161045,1.16107,151
1788754800,2026-09-07 01:20:00,1.16107,1.161075,1.16099,1.161045,125
1788755100,2026-09-07 01:25:00,1.16103,1.161065,1.161005,1.16101,100
1788755400,2026-09-07 01:30:00,1.161005,1.16105,1.160965,1.161015,244
1788755700,2026-09-07 01:35:00,1.161035,1.161045,1.16086,1.16088,376
1788756000,2026-09-07 01:40:00,1.16088,1.160975,1.16084,1.16095,241
1788756300,2026-09-07 01:45:00,1.160945,1.161105,1.160905,1.161065,237
1788756600,2026-09-07 01:50:00,1.161065,1.1611,1.16102,1.16104,255
1788756900,2026-09-07 01:55:00,1.161035,1.1612,1.161035,1.16114,294
1788757200,2026-09-07 02:00:00,1.161145,1.16118,1.161065,1.16116,243
1788757500,2026-09-07 02:05:00,1.16116,1.16118,1.161005,1.16104,198
1788757800,2026-09-07 02:10:00,1.16104,1.161145,1.161035,1.161045,183
1788758100,2026-09-07 02:15:00,1.161045,1.16105,1.160955,1.161005,123
1788758400,2026-09-07 02:20:00,1.161005,1.161005,1.160905,1.161,180
1788758700,2026-09-07 02:25:00,1.160995,1.161115,1.160935,1.16104,177
1788759000,2026-09-07 02:30:00,1.161045,1.161065,1.16094,1.161035,436
1788759300,2026-09-07 02:35:00,1.161035,1.161155,1.161035,1.16109,430
1788759600,2026-09-07 02:40:00,1.161085,1.161095,1.161005,1.161045,341
1788759900,2026-09-07 02:45:00,1.161045,1.16114,1.161045,1.16109,258
1788760200,2026-09-07 02:50:00,1.16109,1.161215,1.161045,1.16113,415
1788760500,2026-09-07 02:55:00,1.161125,1.16145,1.161115,1.16145,449
1788760800,2026-09-07 03:00:00,1.161455,1.16146,1.161045,1.161175,475
1788761100,2026-09-07 03:05:00,1.161195,1.161265,1.161075,1.16117,397
1788761400,2026-09-07 03:10:00,1.161175,1.161205,1.161045,1.161145,566
1788761700,2026-09-07 03:15:00,1.16115,1.16139,1.16108,1.161355,402
1788762000,2026-09-07 03:20:00,1.16136,1.16169,1.16125,1.161605,626
1788762300,2026-09-07 03:25:00,1.16161,1.16168,1.16154,1.161605,350
1788762600,2026-09-07 03:30:00,1.16161,1.161945,1.16159,1.161905,383
1788762900,2026-09-07 03:35:00,1.161895,1.16191,1.161655,1.161845,388
1788763200,2026-09-07 03:40:00,1.161845,1.161855,1.161695,1.161705,276
1788763500,2026-09-07 03:45:00,1.1617,1.16179,1.16162,1.161655,383
1788763800,2026-09-07 03:50:00,1.161655,1.161755,1.161595,1.16167,318
1788764100,2026-09-07 03:55:00,1.161675,1.16169,1.161395,1.161465,411
1788764400,2026-09-07 04:00:00,1.161465,1.16156,1.161345,1.16154,420
1788764700,2026-09-07 04:05:00,1.161545,1.16156,1.161265,1.161285,448
1788765000,2026-09-07 04:10:00,1.161285,1.16135,1.161135,1.161345,440
1788765300,2026-09-07 04:15:00,1.16135,1.16153,1.1613,1.16142,513
1788765600,2026-09-07 04:20:00,1.161415,1.161515,1.161385,1.161455,351
1788765900,2026-09-07 04:25:00,1.161455,1.16177,1.161455,1.161725,514
1788766200,2026-09-07 04:30:00,1.161715,1.161965,1.16169,1.16185,338
1788766500,2026-09-07 04:35:00,1.161845,1.16186,1.161535,1.16157,492
1788766800,2026-09-07 04:40:00,1.16157,1.16167,1.16142,1.16167,502
1788767100,2026-09-07 04:45:00,1.161665,1.161825,1.1615,1.16165,464
1788767400,2026-09-07 04:50:00,1.16166,1.162035,1.16163,1.162035,553
1788767700,2026-09-07 04:55:00,1.162035,1.1624,1.162035,1.16237,1184
1788768000,2026-09-07 05:00:00,1.162365,1.1625,1.16218,1.162365,762
1788768300,2026-09-07 05:05:00,1.162355,1.163015,1.162275,1.162855,1509
1788768600,2026-09-07 05:10:00,1.162865,1.163165,1.16279,1.163165,1416
1788768900,2026-09-07 05:15:00,1.16317,1.163395,1.162875,1.163345,1146
1788769200,2026-09-07 05:20:00,1.16335,1.163585,1.16316,1.163205,1425
1788769500,2026-09-07 05:25:00,1.16322,1.163455,1.163135,1.16323,1504
1788769800,2026-09-07 05:30:00,1.163225,1.16344,1.163175,1.16331,1305
1788770100,2026-09-07 05:35:00,1.163305,1.16335,1.162695,1.162705,934
1788770400,2026-09-07 05:40:00,1.1627,1.162705,1.1625,1.16255,731
1788770700,2026-09-07 05:45:00,1.16255,1.162625,1.1623,1.162305,698
1788771000,2026-09-07 05:50:00,1.162305,1.162305,1.1621,1.162265,541
1788771300,2026-09-07 05:55:00,1.162255,1.162265,1.16211,1.162115,306
1788771600,2026-09-07 06:00:00,1.162115,1.16234,1.162065,1.162265,301
1788771900,2026-09-07 06:05:00,1.162265,1.162335,1.162095,1.16232,441
1788772200,2026-09-07 06:10:00,1.16232,1.162345,1.16202,1.162225,462
1788772500,2026-09-07 06:15:00,1.162225,1.162245,1.1621,1.16215,338
1788772800,2026-09-07 06:20:00,1.162155,1.162265,1.162095,1.16226,395
1788773100,2026-09-07 06:25:00,1.16226,1.162505,1.162185,1.162405,486
1788773400,2026-09-07 06:30:00,1.162415,1.162605,1.16235,1.1626,380
1788773700,2026-09-07 06:35:00,1.162605,1.162605,1.162445,1.162515,218
1788774000,2026-09-07 06:40:00,1.162515,1.162515,1.162085,1.162215,342
1788774300,2026-09-07 06:45:00,1.162215,1.162315,1.16212,1.162215,301
1788774600,2026-09-07 06:50:00,1.162215,1.162215,1.161955,1.16205,375
1788774900,2026-09-07 06:55:00,1.162045,1.16211,1.162035,1.16204,337
1788775200,2026-09-07 07:00:00,1.162035,1.162215,1.16199,1.162205,344
1788775500,2026-09-07 07:05:00,1.162205,1.162365,1.162125,1.162285,372
1788775800,2026-09-07 07:10:00,1.162295,1.162355,1.162215,1.16224,345
1788776100,2026-09-07 07:15:00,1.162235,1.16248,1.162205,1.162475,311
1788776400,2026-09-07 07:20:00,1.16248,1.162525,1.162335,1.162505,390
1788776700,2026-09-07 07:25:00,1.16251,1.16251,1.162255,1.162375,306
1788777000,2026-09-07 07:30:00,1.16238,1.16248,1.1623,1.162315,223
1788777300,2026-09-07 07:35:00,1.162315,1.162445,1.162285,1.162445,227
1788777600,2026-09-07 07:40:00,1.162445,1.162525,1.16241,1.162525,232
1788777900,2026-09-07 07:45:00,1.162525,1.162585,1.162475,1.16252,312
1788778200,2026-09-07 07:50:00,1.16252,1.16268,1.16249,1.162605,323
1788778500,2026-09-07 07:55:00,1.16261,1.162615,1.16234,1.162445,585
1788778800,2026-09-07 08:00:00,1.16244,1.162485,1.162255,1.16243,487
1788779100,2026-09-07 08:05:00,1.16243,1.162565,1.162405,1.162485,359
1788779400,2026-09-07 08:10:00,1.162475,1.162535,1.1622,1.162345,338
1788779700,2026-09-07 08:15:00,1.16234,1.16246,1.162235,1.162255,331
1788780000,2026-09-07 08:20:00,1.162265,1.16241,1.162255,1.16239,264
1788780300,2026-09-07 08:25:00,1.162385,1.162395,1.162285,1.16239,329
1788780600,2026-09-07 08:30:00,1.162385,1.162435,1.162295,1.162295,387
1788780900,2026-09-07 08:35:00,1.162295,1.162495,1.16223,1.162445,249
1788781200,2026-09-07 08:40:00,1.16244,1.16245,1.162285,1.162345,269
1788781500,2026-09-07 08:45:00,1.162345,1.16252,1.1623,1.1625,260
1788781800,2026-09-07 08:50:00,1.162505,1.16253,1.1623,1.1623,304
1788782100,2026-09-07 08:55:00,1.162305,1.162365,1.1622,1.162305,375
1788782400,2026-09-07 09:00:00,1.16231,1.16244,1.162245,1.162265,343
1788782700,2026-09-07 09:05:00,1.162265,1.16248,1.162215,1.16223,311
1788783000,2026-09-07 09:10:00,1.162225,1.162325,1.162195,1.16221,327
1788783300,2026-09-07 09:15:00,1.16221,1.162315,1.162095,1.162295,346
1788783600,2026-09-07 09:20:00,1.162285,1.162555,1.162215,1.162505,553
1788783900,2026-09-07 09:25:00,1.162515,1.16271,1.162475,1.162695,317
1788784200,2026-09-07 09:30:00,1.162695,1.16274,1.162635,1.162695,424
1788784500,2026-09-07 09:35:00,1.16269,1.162825,1.16265,1.16271,311
1788784800,2026-09-07 09:40:00,1.16271,1.162795,1.162615,1.162785,523
1788785100,2026-09-07 09:45:00,1.162785,1.16284,1.162595,1.16277,390
1788785400,2026-09-07 09:50:00,1.162775,1.16284,1.16247,1.16253,473
1788785700,2026-09-07 09:55:00,1.162525,1.16262,1.162495,1.162505,327
1788786000,2026-09-07 10:00:00,1.16251,1.162655,1.162475,1.1625,379
1788786300,2026-09-07 10:05:00,1.162495,1.162515,1.1624,1.162455,319
1788786600,2026-09-07 10:10:00,1.16246,1.16266,1.162435,1.16265,268
1788786900,2026-09-07 10:15:00,1.162655,1.16266,1.1624,1.162515,368
1788787200,2026-09-07 10:20:00,1.162515,1.16265,1.162495,1.162525,400
1788787500,2026-09-07 10:25:00,1.16252,1.162615,1.162435,1.16249,297
1788787800,2026-09-07 10:30:00,1.162485,1.16266,1.162415,1.162605,382
1788788100,2026-09-07 10:35:00,1.162605,1.16263,1.162465,1.16251,360
1788788400,2026-09-07 10:40:00,1.162515,1.162665,1.16251,1.162625,391
1788788700,2026-09-07 10:45:00,1.162625,1.162955,1.162625,1.162745,352
1788789000,2026-09-07 10:50:00,1.16274,1.162945,1.16267,1.16276,341
1788789300,2026-09-07 10:55:00,1.162765,1.16289,1.16275,1.16289,385
1788789600,2026-09-07 11:00:00,1.16289,1.162995,1.162835,1.162885,600
1788789900,2026-09-07 11:05:00,1.162885,1.162945,1.162805,1.16294,389
1788790200,2026-09-07 11:10:00,1.16295,1.163215,1.16294,1.16311,555
1788790500,2026-09-07 11:15:00,1.16311,1.163295,1.163055,1.163135,584
1788790800,2026-09-07 11:20:00,1.16313,1.1632,1.16295,1.163185,664
1788791100,2026-09-07 11:25:00,1.163195,1.163255,1.16302,1.16305,489
1788791400,2026-09-07 11:30:00,1.163045,1.163055,1.16294,1.162955,318
1788791700,2026-09-07 11:35:00,1.162955,1.163085,1.162945,1.162995,385
1788792000,2026-09-07 11:40:00,1.163,1.163065,1.16295,1.162985,321
1788792300,2026-09-07 11:45:00,1.162985,1.162985,1.162865,1.16289,380
1788792600,2026-09-07 11:50:00,1.162895,1.162915,1.162715,1.162715,388
1788792900,2026-09-07 11:55:00,1.16272,1.16328,1.16272,1.16312,771
1788793200,2026-09-07 12:00:00,1.163135,1.163205,1.16299,1.16309,674
1788793500,2026-09-07 12:05:00,1.163095,1.1631,1.162725,1.162855,701
1788793800,2026-09-07 12:10:00,1.162855,1.162895,1.16269,1.16275,537
1788794100,2026-09-07 12:15:00,1.162745,1.162795,1.162675,1.162795,339
1788794400,2026-09-07 12:20:00,1.162795,1.162905,1.162755,1.162865,201
1788794700,2026-09-07 12:25:00,1.162855,1.16307,1.162845,1.163035,238
1788795000,2026-09-07 12:30:00,1.163045,1.16313,1.162895,1.162905,351
1788795300,2026-09-07 12:35:00,1.162905,1.163,1.16285,1.162955,152
1788795600,2026-09-07 12:40:00,1.162955,1.16299,1.162865,1.16293,205
1788795900,2026-09-07 12:45:00,1.16294,1.16294,1.16279,1.162885,187
1788796200,2026-09-07 12:50:00,1.162885,1.162885,1.16272,1.16273,107
1788796500,2026-09-07 12:55:00,1.16273,1.162785,1.16263,1.162765,201
1788796800,2026-09-07 13:00:00,1.162765,1.16277,1.1626,1.16264,198
1788797100,2026-09-07 13:05:00,1.16264,1.162775,1.16264,1.162755,157
1788797400,2026-09-07 13:10:00,1.162755,1.162765,1.16269,1.1627,153
1788797700,2026-09-07 13:15:00,1.1627,1.16274,1.16264,1.162655,129
1788798000,2026-09-07 13:20:00,1.162655,1.162735,1.162655,1.16272,75
1788798300,2026-09-07 13:25:00,1.16272,1.162795,1.16268,1.162795,92
1788798600,2026-09-07 13:30:00,1.162795,1.16281,1.162745,1.162805,96
1788798900,2026-09-07 13:35:00,1.162795,1.16289,1.16279,1.162845,93
1788799200,2026-09-07 13:40:00,1.162845,1.16297,1.162845,1.16296,128
1788799500,2026-09-07 13:45:00,1.162955,1.162985,1.162895,1.162945,153
1788799800,2026-09-07 13:50:00,1.162945,1.162985,1.16285,1.162875,78
1788800100,2026-09-07 13:55:00,1.16287,1.162925,1.162815,1.16287,106
1788800400,2026-09-07 14:00:00,1.162865,1.162865,1.162655,1.162655,88
1788800700,2026-09-07 14:05:00,1.162655,1.162715,1.16265,1.162655,66
1788801000,2026-09-07 14:10:00,1.162655,1.162685,1.1626,1.162655,120
1788801300,2026-09-07 14:15:00,1.162655,1.162675,1.16259,1.16259,79
1788801600,2026-09-07 14:20:00,1.162595,1.16265,1.162565,1.16257,152
1788801900,2026-09-07 14:25:00,1.16257,1.162625,1.162535,1.162535,60
1788802200,2026-09-07 14:30:00,1.162535,1.16256,1.162525,1.16256,30
1788802500,2026-09-07 14:35:00,1.16256,1.16257,1.16251,1.162525,79
1788802800,2026-09-07 14:40:00,1.162525,1.16254,1.162465,1.16254,61
1788803100,2026-09-07 14:45:00,1.16254,1.16254,1.162445,1.162475,57
1788803400,2026-09-07 14:50:00,1.162475,1.16252,1.162475,1.162505,103
1788803700,2026-09-07 14:55:00,1.162505,1.162565,1.162495,1.162565,27
1788804000,2026-09-07 15:00:00,1.162565,1.162585,1.162525,1.16253,43
1788804300,2026-09-07 15:05:00,1.16253,1.16253,1.162485,1.16252,42
1788804600,2026-09-07 15:10:00,1.16252,1.16252,1.162475,1.162475,37
1788804900,2026-09-07 15:15:00,1.162475,1.162505,1.162455,1.162455,53
1788805200,2026-09-07 15:20:00,1.162455,1.16247,1.16244,1.162445,89
1788805500,2026-09-07 15:25:00,1.162445,1.162445,1.162365,1.162365,24
1788805800,2026-09-07 15:30:00,1.162365,1.162415,1.162355,1.162405,52
1788806100,2026-09-07 15:35:00,1.16241,1.162415,1.162385,1.16241,46
1788806400,2026-09-07 15:40:00,1.16241,1.16241,1.1624,1.162405,14
1788806700,2026-09-07 15:45:00,1.162405,1.162405,1.162345,1.162355,20
1788807000,2026-09-07 15:50:00,1.162355,1.162355,1.16231,1.16231,35
1788807300,2026-09-07 15:55:00,1.16231,1.162375,1.162295,1.162375,28
1788807600,2026-09-07 16:00:00,1.162375,1.162375,1.1623,1.162315,26
1788807900,2026-09-07 16:05:00,1.16232,1.162325,1.162305,1.162315,25
1788808200,2026-09-07 16:10:00,1.162315,1.16232,1.162305,1.162315,20
1788808500,2026-09-07 16:15:00,1.162315,1.162315,1.162295,1.162315,17
1788808800,2026-09-07 16:20:00,1.16231,1.16231,1.16225,1.162305,41
1788809100,2026-09-07 16:25:00,1.162305,1.162305,1.16226,1.16226,33
1788809400,2026-09-07 16:30:00,1.16226,1.162265,1.162155,1.16221,87
1788809700,2026-09-07 16:35:00,1.16221,1.16223,1.162155,1.162195,130
1788810000,2026-09-07 16:40:00,1.162195,1.162195,1.16212,1.162135,113
1788810300,2026-09-07 16:45:00,1.162135,1.16217,1.162115,1.16214,98
1788810600,2026-09-07 16:50:00,1.16214,1.16217,1.162135,1.162165,47
1788810900,2026-09-07 16:55:00,1.162165,1.16223,1.162155,1.162225,44
1788811200,2026-09-07 17:00:00,1.162205,1.16222,1.162155,1.162195,140
1788811500,2026-09-07 17:05:00,1.162195,1.1622,1.16216,1.16216,74
1788811800,2026-09-07 17:10:00,1.162165,1.162205,1.16216,1.162205,21
1788812100,2026-09-07 17:15:00,1.162205,1.16227,1.162205,1.162255,34
1788812400,2026-09-07 17:20:00,1.162255,1.16227,1.162245,1.16225,20
1788812700,2026-09-07 17:25:00,1.162245,1.162245,1.162215,1.162225,10
1788813000,2026-09-07 17:30:00,1.162215,1.16226,1.16221,1.16226,30
1788813300,2026-09-07 17:35:00,1.16226,1.162265,1.162245,1.16226,14
1788813600,2026-09-07 17:40:00,1.162255,1.162265,1.162235,1.162245,116
1788813900,2026-09-07 17:45:00,1.162245,1.162255,1.16223,1.162245,75
1788814200,2026-09-07 17:50:00,1.16224,1.162245,1.16221,1.162225,84
1788814500,2026-09-07 17:55:00,1.16223,1.16232,1.16222,1.162285,86
1788814800,2026-09-07 18:00:00,1.162285,1.162665,1.162275,1.162395,47
1788815100,2026-09-07 18:05:00,1.16226,1.162395,1.162205,1.162205,35
1788815400,2026-09-07 18:10:00,1.162205,1.162285,1.162195,1.162195,23
1788815700,2026-09-07 18:15:00,1.162195,1.162285,1.162195,1.16228,34
1788816000,2026-09-07 18:20:00,1.16228,1.162325,1.162275,1.162315,30
1788816300,2026-09-07 18:25:00,1.16232,1.16233,1.16231,1.16233,11
1788816600,2026-09-07 18:30:00,1.16233,1.162345,1.162305,1.162345,14
1788816900,2026-09-07 18:35:00,1.162345,1.162355,1.16233,1.16234,41
1788817200,2026-09-07 18:40:00,1.16234,1.16235,1.162325,1.16233,34
1788817500,2026-09-07 18:45:00,1.16233,1.162335,1.162315,1.162315,7
1788817800,2026-09-07 18:50:00,1.162315,1.16235,1.162315,1.16232,14
1788818100,2026-09-07 18:55:00,1.16232,1.16236,1.162315,1.16236,27
1788818400,2026-09-07 19:00:00,1.162355,1.162495,1.162355,1.16249,153
1788818700,2026-09-07 19:05:00,1.162495,1.162495,1.16244,1.16244,10
1788819000,2026-09-07 19:10:00,1.162445,1.16246,1.162355,1.16243,116
1788819300,2026-09-07 19:15:00,1.162425,1.162545,1.16241,1.162535,139
1788819600,2026-09-07 19:20:00,1.16254,1.16254,1.16245,1.16252,80
1788819900,2026-09-07 19:25:00,1.16252,1.162615,1.162505,1.1626,114
1788820200,2026-09-07 19:30:00,1.162605,1.162605,1.16252,1.16255,122
1788820500,2026-09-07 19:35:00,1.16255,1.16257,1.16246,1.16252,71
1788820800,2026-09-07 19:40:00,1.16252,1.16253,1.16249,1.162515,68
1788821100,2026-09-07 19:45:00,1.162515,1.162515,1.16246,1.162505,38
1788821400,2026-09-07 19:50:00,1.162505,1.16261,1.162505,1.16257,111
1788821700,2026-09-07 19:55:00,1.162575,1.162595,1.162515,1.162565,123
1788822000,2026-09-07 20:00:00,1.162555,1.162665,1.162545,1.162655,173
1788822300,2026-09-07 20:05:00,1.162655,1.16269,1.162605,1.16268,172
1788822600,2026-09-07 20:10:00,1.16268,1.162795,1.16261,1.16279,177
1788822900,2026-09-07 20:15:00,1.16279,1.163,1.16272,1.16291,545
1788823200,2026-09-07 20:20:00,1.162905,1.162975,1.162805,1.162865,304
1788823500,2026-09-07 20:25:00,1.162845,1.162915,1.162715,1.162825,226
1788823800,2026-09-07 20:30:00,1.16283,1.16291,1.16272,1.162775,245
1788824100,2026-09-07 20:35:00,1.162775,1.162885,1.162745,1.16283,262
1788824400,2026-09-07 20:40:00,1.16283,1.16294,1.162795,1.16294,246
1788824700,2026-09-07 20:45:00,1.16294,1.16296,1.162845,1.162915,142
1788825000,2026-09-07 20:50:00,1.162915,1.162915,1.16264,1.16265,173
1788825300,2026-09-07 20:55:00,1.162645,1.1628,1.16264,1.162785,298
1788825600,2026-09-07 21:00:00,1.162795,1.163145,1.162715,1.16284,974
1788825900,2026-09-07 21:05:00,1.16284,1.162885,1.162745,1.162785,748
1788826200,2026-09-07 21:10:00,1.16279,1.16279,1.162485,1.162515,768
1788826500,2026-09-07 21:15:00,1.1625,1.162635,1.162415,1.162605,580
1788826800,2026-09-07 21:20:00,1.162605,1.16271,1.162505,1.162565,529
1788827100,2026-09-07 21:25:00,1.162565,1.16278,1.162555,1.162745,532
1788827400,2026-09-07 21:30:00,1.16274,1.16292,1.162715,1.16281,500
1788827700,2026-09-07 21:35:00,1.16281,1.16282,1.162655,1.162705,387
1788828000,2026-09-07 21:40:00,1.162705,1.1628,1.16262,1.162625,355
1788828300,2026-09-07 21:45:00,1.16262,1.162705,1.16257,1.162705,340
1788828600,2026-09-07 21:50:00,1.16271,1.162765,1.1626,1.16273,393
1788828900,2026-09-07 21:55:00,1.162735,1.162735,1.16261,1.162665,446
1788829200,2026-09-07 22:00:00,1.16267,1.162795,1.1626,1.16262,492
1788829500,2026-09-07 22:05:00,1.16262,1.162815,1.16258,1.162795,485
1788829800,2026-09-07 22:10:00,1.162795,1.16281,1.162655,1.162795,437
1788830100,2026-09-07 22:15:00,1.162795,1.16304,1.16276,1.16289,474
1788830400,2026-09-07 22:20:00,1.162885,1.16319,1.16285,1.16313,479
1788830700,2026-09-07 22:25:00,1.163135,1.163295,1.16313,1.163195,487
1788831000,2026-09-07 22:30:00,1.16319,1.163275,1.163055,1.163085,499
1788831300,2026-09-07 22:35:00,1.16309,1.163195,1.16302,1.163025,593
1788831600,2026-09-07 22:40:00,1.16303,1.163175,1.16297,1.163125,582
1788831900,2026-09-07 22:45:00,1.16312,1.163205,1.16309,1.163115,238
1788832200,2026-09-07 22:50:00,1.16311,1.16321,1.163035,1.16319,331
1788832500,2026-09-07 22:55:00,1.163185,1.163335,1.163135,1.163335,365
1788832800,2026-09-07 23:00:00,1.16334,1.16345,1.16329,1.16335,568
1788833100,2026-09-07 23:05:00,1.163355,1.163475,1.16323,1.16326,741
1788833400,2026-09-07 23:10:00,1.163265,1.16331,1.16306,1.16314,432
1788833700,2026-09-07 23:15:00,1.163145,1.163345,1.163135,1.163135,505
1788834000,2026-09-07 23:20:00,1.163135,1.163295,1.163055,1.16313,776
1788834300,2026-09-07 23:25:00,1.163125,1.16317,1.162765,1.162875,688
1788834600,2026-09-07 23:30:00,1.16287,1.162895,1.162635,1.162635,623
1788834900,2026-09-07 23:35:00,1.16264,1.162645,1.16239,1.162465,629
1788835200,2026-09-07 23:40:00,1.16247,1.162595,1.16244,1.162575,579
1788835500,2026-09-07 23:45:00,1.16258,1.16261,1.16246,1.162505,388
1788835800,2026-09-07 23:50:00,1.16251,1.162615,1.16238,1.162435,345
1788836100,2026-09-07 23:55:00,1.16243,1.16246,1.162375,1.1624,305
1788836400,2026-09-08 00:00:00,1.162395,1.16241,1.162295,1.162405,234
1788836700,2026-09-08 00:05:00,1.16241,1.162565,1.162395,1.162415,287
1788837000,2026-09-08 00:10:00,1.16241,1.16246,1.162325,1.162435,288
1788837300,2026-09-08 00:15:00,1.162435,1.162595,1.162395,1.16257,287
1788837600,2026-09-08 00:20:00,1.16257,1.162635,1.16246,1.16252,315
1788837900,2026-09-08 00:25:00,1.162525,1.162595,1.162525,1.162555,245
1788838200,2026-09-08 00:30:00,1.162555,1.162615,1.16241,1.162485,174
1788838500,2026-09-08 00:35:00,1.16248,1.162525,1.16243,1.16251,197
1788838800,2026-09-08 00:40:00,1.16251,1.162615,1.16249,1.162595,276
1788839100,2026-09-08 00:45:00,1.1626,1.16273,1.16256,1.16271,343
1788839400,2026-09-08 00:50:00,1.162715,1.162725,1.16245,1.162515,318
1788839700,2026-09-08 00:55:00,1.16252,1.16254,1.162395,1.162435,267
1788840000,2026-09-08 01:00:00,1.16244,1.162575,1.16239,1.162475,320
1788840300,2026-09-08 01:05:00,1.16248,1.1625,1.162385,1.162405,367
1788840600,2026-09-08 01:10:00,1.162405,1.162525,1.162395,1.162415,379
1788840900,2026-09-08 01:15:00,1.162415,1.16242,1.162295,1.16231,257
1788841200,2026-09-08 01:20:00,1.16231,1.16251,1.16224,1.162505,198
1788841500,2026-09-08 01:25:00,1.1625,1.1625,1.16229,1.162325,253
1788841800,2026-09-08 01:30:00,1.16233,1.162435,1.162325,1.162395,352
1788842100,2026-09-08 01:35:00,1.16239,1.162395,1.162305,1.162395,294
1788842400,2026-09-08 01:40:00,1.162395,1.162485,1.16239,1.162475,286
1788842700,2026-09-08 01:45:00,1.162475,1.162525,1.162445,1.16247,270
1788843000,2026-09-08 01:50:00,1.162475,1.162515,1.16233,1.162395,236
1788843300,2026-09-08 01:55:00,1.1624,1.162525,1.16231,1.1625,238
1788843600,2026-09-08 02:00:00,1.1625,1.16257,1.16246,1.16253,189
1788843900,2026-09-08 02:05:00,1.162525,1.16259,1.162485,1.16258,203
1788844200,2026-09-08 02:10:00,1.162585,1.162615,1.162515,1.162545,319
1788844500,2026-09-08 02:15:00,1.16255,1.16266,1.16254,1.16257,221
1788844800,2026-09-08 02:20:00,1.16257,1.162605,1.162365,1.162395,394
1788845100,2026-09-08 02:25:00,1.16239,1.16249,1.16237,1.16238,491
1788845400,2026-09-08 02:30:00,1.16239,1.16247,1.162345,1.16247,486
1788845700,2026-09-08 02:35:00,1.162475,1.162615,1.162475,1.162555,379
1788846000,2026-09-08 02:40:00,1.16256,1.162705,1.16255,1.1627,293
1788846300,2026-09-08 02:45:00,1.162695,1.162825,1.16266,1.162755,334
1788846600,2026-09-08 02:50:00,1.162755,1.162885,1.162725,1.16276,445
1788846900,2026-09-08 02:55:00,1.162765,1.1631,1.162765,1.16308,503
1788847200,2026-09-08 03:00:00,1.163085,1.163435,1.16299,1.16343,906
1788847500,2026-09-08 03:05:00,1.163435,1.163595,1.163115,1.16313,1121
1788847800,2026-09-08 03:10:00,1.163125,1.163135,1.162885,1.16302,903
1788848100,2026-09-08 03:15:00,1.163025,1.163055,1.162555,1.162555,757
1788848400,2026-09-08 03:20:00,1.16256,1.16258,1.162325,1.162575,1041
1788848700,2026-09-08 03:25:00,1.16258,1.162665,1.16244,1.16246,834
1788849000,2026-09-08 03:30:00,1.16245,1.162525,1.162255,1.1623,733
1788849300,2026-09-08 03:35:00,1.16229,1.16233,1.162125,1.1623,458
1788849600,2026-09-08 03:40:00,1.1623,1.16259,1.1623,1.162515,485
1788849900,2026-09-08 03:45:00,1.162515,1.162515,1.162335,1.16241,446
1788850200,2026-09-08 03:50:00,1.162405,1.16252,1.162305,1.162335,472
1788850500,2026-09-08 03:55:00,1.16234,1.162345,1.162085,1.162095,527
1788850800,2026-09-08 04:00:00,1.16209,1.16232,1.162005,1.162245,578
1788851100,2026-09-08 04:05:00,1.16224,1.162335,1.16206,1.16207,588
1788851400,2026-09-08 04:10:00,1.162055,1.162065,1.16178,1.16187,840
1788851700,2026-09-08 04:15:00,1.161865,1.16192,1.161675,1.16176,824
1788852000,2026-09-08 04:20:00,1.161755,1.16179,1.16138,1.16143,725
1788852300,2026-09-08 04:25:00,1.161435,1.1616,1.16134,1.161475,604
1788852600,2026-09-08 04:30:00,1.16148,1.161655,1.161365,1.16137,503
1788852900,2026-09-08 04:35:00,1.161375,1.161455,1.16119,1.161235,487
1788853200,2026-09-08 04:40:00,1.16123,1.16126,1.161,1.161245,575
1788853500,2026-09-08 04:45:00,1.16125,1.161385,1.16116,1.161205,529
1788853800,2026-09-08 04:50:00,1.161205,1.161315,1.16099,1.161,587
1788854100,2026-09-08 04:55:00,1.16101,1.16128,1.16099,1.16128,548
1788854400,2026-09-08 05:00:00,1.161275,1.16146,1.16115,1.161345,1160
1788854700,2026-09-08 05:05:00,1.16134,1.161635,1.161015,1.16103,974
1788855000,2026-09-08 05:10:00,1.161025,1.161265,1.161,1.16102,902
1788855300,2026-09-08 05:15:00,1.16102,1.161135,1.160855,1.161125,661
1788855600,2026-09-08 05:20:00,1.16113,1.161325,1.161,1.161295,638
1788855900,2026-09-08 05:25:00,1.1613,1.161515,1.1613,1.161345,534
1788856200,2026-09-08 05:30:00,1.161355,1.161585,1.1613,1.161485,545
1788856500,2026-09-08 05:35:00,1.16148,1.1615,1.16129,1.161465,602
1788856800,2026-09-08 05:40:00,1.16147,1.16148,1.16116,1.16116,607
1788857100,2026-09-08 05:45:00,1.161155,1.161435,1.161035,1.161285,1423
1788857400,2026-09-08 05:50:00,1.16129,1.161375,1.1611,1.16124,669
1788857700,2026-09-08 05:55:00,1.161235,1.161265,1.160965,1.16106,595
1788858000,2026-09-08 06:00:00,1.161055,1.161285,1.160915,1.16105,861
1788858300,2026-09-08 06:05:00,1.16105,1.16152,1.160965,1.160985,701
1788858600,2026-09-08 06:10:00,1.16099,1.161195,1.16099,1.161175,584
1788858900,2026-09-08 06:15:00,1.16117,1.161205,1.16108,1.16118,417
1788859200,2026-09-08 06:20:00,1.161175,1.16131,1.161105,1.161165,453
1788859500,2026-09-08 06:25:00,1.16117,1.161215,1.161075,1.16117,449
1788859800,2026-09-08 06:30:00,1.161165,1.161355,1.161075,1.16118,786
1788860100,2026-09-08 06:35:00,1.16119,1.161375,1.161165,1.161355,690
1788860400,2026-09-08 06:40:00,1.16135,1.161655,1.16133,1.161405,1292
1788860700,2026-09-08 06:45:00,1.16141,1.161505,1.161195,1.161365,520
1788861000,2026-09-08 06:50:00,1.16137,1.16148,1.16128,1.161365,527
1788861300,2026-09-08 06:55:00,1.16137,1.161475,1.16131,1.16142,663
1788861600,2026-09-08 07:00:00,1.161425,1.161425,1.161145,1.16121,575
1788861900,2026-09-08 07:05:00,1.16121,1.161385,1.161165,1.16129,503
1788862200,2026-09-08 07:10:00,1.16128,1.16143,1.16124,1.161355,419
1788862500,2026-09-08 07:15:00,1.161355,1.161405,1.16115,1.161175,303
1788862800,2026-09-08 07:20:00,1.161175,1.16169,1.16112,1.161155,1219
1788863100,2026-09-08 07:25:00,1.16116,1.161195,1.16107,1.161165,340
1788863400,2026-09-08 07:30:00,1.16117,1.161175,1.160945,1.161035,329
1788863700,2026-09-08 07:35:00,1.16104,1.161065,1.160895,1.16101,487
1788864000,2026-09-08 07:40:00,1.16102,1.16104,1.16089,1.16095,336
1788864300,2026-09-08 07:45:00,1.16095,1.161095,1.160925,1.16108,359
1788864600,2026-09-08 07:50:00,1.16108,1.161335,1.161075,1.161215,365
1788864900,2026-09-08 07:55:00,1.16122,1.161475,1.161175,1.16125,436
1788865200,2026-09-08 08:00:00,1.161255,1.1613,1.161145,1.16122,596
1788865500,2026-09-08 08:05:00,1.16121,1.16144,1.16107,1.1611,867
1788865800,2026-09-08 08:10:00,1.161095,1.161125,1.160915,1.161085,683
1788866100,2026-09-08 08:15:00,1.16108,1.16142,1.161035,1.161415,681
1788866400,2026-09-08 08:20:00,1.16141,1.161465,1.16129,1.16145,572
1788866700,2026-09-08 08:25:00,1.161445,1.161605,1.16137,1.16155,366
1788867000,2026-09-08 08:30:00,1.161545,1.161605,1.16145,1.161535,365
1788867300,2026-09-08 08:35:00,1.161535,1.16191,1.16146,1.161735,616
1788867600,2026-09-08 08:40:00,1.16174,1.16176,1.161215,1.1613,661
1788867900,2026-09-08 08:45:00,1.161305,1.16142,1.16114,1.16137,714
1788868200,2026-09-08 08:50:00,1.16136,1.161405,1.160795,1.16099,664
1788868500,2026-09-08 08:55:00,1.160985,1.16135,1.16095,1.161345,796
1788868800,2026-09-08 09:00:00,1.16134,1.16149,1.1612,1.16144,800
1788869100,2026-09-08 09:05:00,1.16145,1.1615,1.16136,1.16145,674
1788869400,2026-09-08 09:10:00,1.16145,1.16146,1.16121,1.16129,921
1788869700,2026-09-08 09:15:00,1.161285,1.16136,1.16108,1.16135,698
1788870000,2026-09-08 09:20:00,1.161345,1.16151,1.1612,1.161415,779
1788870300,2026-09-08 09:25:00,1.161415,1.161705,1.161375,1.161645,630
1788870600,2026-09-08 09:30:00,1.161655,1.161915,1.16149,1.161855,1181
1788870900,2026-09-08 09:35:00,1.16185,1.161865,1.161615,1.16164,910
1788871200,2026-09-08 09:40:00,1.161645,1.161735,1.16149,1.161585,1162
1788871500,2026-09-08 09:45:00,1.16159,1.161865,1.16149,1.16186,977
1788871800,2026-09-08 09:50:00,1.161865,1.16193,1.161675,1.16191,882
1788872100,2026-09-08 09:55:00,1.16191,1.162035,1.16185,1.16203,600
1788872400,2026-09-08 10:00:00,1.162035,1.162235,1.16199,1.16222,1365
1788872700,2026-09-08 10:05:00,1.162225,1.16251,1.1622,1.16244,1133
1788873000,2026-09-08 10:10:00,1.162445,1.16251,1.16231,1.162385,743
1788873300,2026-09-08 10:15:00,1.16239,1.162435,1.16227,1.162345,523
1788873600,2026-09-08 10:20:00,1.162345,1.162755,1.16234,1.162525,895
1788873900,2026-09-08 10:25:00,1.16252,1.162645,1.1622,1.162245,847
1788874200,2026-09-08 10:30:00,1.16224,1.16244,1.162075,1.162085,1129
1788874500,2026-09-08 10:35:00,1.16208,1.162305,1.16189,1.1622,1053
1788874800,2026-09-08 10:40:00,1.162195,1.16225,1.16204,1.162135,758
1788875100,2026-09-08 10:45:00,1.16214,1.16227,1.161965,1.1622,990
1788875400,2026-09-08 10:50:00,1.1622,1.16235,1.1621,1.16226,655
1788875700,2026-09-08 10:55:00,1.162265,1.162325,1.162105,1.162215,800
1788876000,2026-09-08 11:00:00,1.16221,1.16249,1.162205,1.162415,1186
1788876300,2026-09-08 11:05:00,1.16242,1.162515,1.162155,1.162155,1074
1788876600,2026-09-08 11:10:00,1.16215,1.16215,1.1619,1.16199,1001
1788876900,2026-09-08 11:15:00,1.161985,1.162225,1.1619,1.16217,873
1788877200,2026-09-08 11:20:00,1.162175,1.162555,1.162075,1.16252,756
1788877500,2026-09-08 11:25:00,1.162525,1.16274,1.16242,1.1626,962
1788877800,2026-09-08 11:30:00,1.162605,1.162805,1.16259,1.16277,1033
1788878100,2026-09-08 11:35:00,1.162765,1.163055,1.162745,1.162945,680
1788878400,2026-09-08 11:40:00,1.16294,1.1631,1.162795,1.163035,558
1788878700,2026-09-08 11:45:00,1.163045,1.16313,1.16291,1.16297,840
1788879000,2026-09-08 11:50:00,1.162965,1.16305,1.1627,1.162815,1190
1788879300,2026-09-08 11:55:00,1.16281,1.163115,1.162625,1.163115,1191
1788879600,2026-09-08 12:00:00,1.16312,1.163225,1.16292,1.1631,1199
1788879900,2026-09-08 12:05:00,1.163105,1.16323,1.16305,1.163205,672
1788880200,2026-09-08 12:10:00,1.163205,1.16339,1.163125,1.16313,631
1788880500,2026-09-08 12:15:00,1.16313,1.163305,1.163065,1.16315,620
1788880800,2026-09-08 12:20:00,1.163145,1.163165,1.162885,1.16305,676
1788881100,2026-09-08 12:25:00,1.16305,1.16328,1.16293,1.162955,675
1788881400,2026-09-08 12:30:00,1.16297,1.163125,1.16284,1.16285,649
1788881700,2026-09-08 12:35:00,1.16285,1.162855,1.16269,1.162765,369
1788882000,2026-09-08 12:40:00,1.162765,1.16285,1.1627,1.162765,433
1788882300,2026-09-08 12:45:00,1.16277,1.162805,1.16264,1.16272,408
1788882600,2026-09-08 12:50:00,1.162725,1.162825,1.16268,1.162745,651
1788882900,2026-09-08 12:55:00,1.16274,1.16278,1.162645,1.162645,374
1788883200,2026-09-08 13:00:00,1.16265,1.16266,1.16255,1.16263,409
1788883500,2026-09-08 13:05:00,1.162635,1.16264,1.16235,1.16236,312
1788883800,2026-09-08 13:10:00,1.162355,1.162395,1.16223,1.16224,374
1788884100,2026-09-08 13:15:00,1.16224,1.16236,1.16215,1.162205,372
1788884400,2026-09-08 13:20:00,1.162205,1.16228,1.16208,1.16215,403
1788884700,2026-09-08 13:25:00,1.16215,1.162375,1.162135,1.16235,506
1788885000,2026-09-08 13:30:00,1.16235,1.162405,1.162305,1.16235,393
1788885300,2026-09-08 13:35:00,1.16235,1.16239,1.16219,1.16227,254
1788885600,2026-09-08 13:40:00,1.162275,1.16231,1.16209,1.162145,241
1788885900,2026-09-08 13:45:00,1.16215,1.162225,1.162065,1.16222,229
1788886200,2026-09-08 13:50:00,1.162215,1.162415,1.1622,1.162255,526
1788886500,2026-09-08 13:55:00,1.16226,1.162365,1.162085,1.162355,491
1788886800,2026-09-08 14:00:00,1.162365,1.16261,1.16235,1.16259,564
1788887100,2026-09-08 14:05:00,1.16259,1.16269,1.16255,1.16263,393
1788887400,2026-09-08 14:10:00,1.162625,1.16274,1.162615,1.16264,225
1788887700,2026-09-08 14:15:00,1.162635,1.1627,1.16261,1.162665,248
1788888000,2026-09-08 14:20:00,1.16266,1.16267,1.16256,1.16266,159
1788888300,2026-09-08 14:25:00,1.162655,1.16266,1.16251,1.16262,169
1788888600,2026-09-08 14:30:00,1.162625,1.162645,1.16245,1.16245,181
1788888900,2026-09-08 14:35:00,1.16245,1.16254,1.162385,1.1625,162
1788889200,2026-09-08 14:40:00,1.16249,1.162495,1.16243,1.16244,158
1788889500,2026-09-08 14:45:00,1.16244,1.162545,1.16244,1.162505,181
1788889800,2026-09-08 14:50:00,1.162505,1.16265,1.162505,1.162555,219
1788890100,2026-09-08 14:55:00,1.162555,1.162645,1.1625,1.162615,169
1788890400,2026-09-08 15:00:00,1.16262,1.162655,1.162575,1.16261,190
1788890700,2026-09-08 15:05:00,1.16261,1.162695,1.162545,1.162605,316
1788891000,2026-09-08 15:10:00,1.1626,1.162665,1.16255,1.16257,237
1788891300,2026-09-08 15:15:00,1.16257,1.16263,1.162455,1.162545,335
1788891600,2026-09-08 15:20:00,1.162545,1.16272,1.16248,1.162705,244
1788891900,2026-09-08 15:25:00,1.162705,1.162785,1.162645,1.162775,307
1788892200,2026-09-08 15:30:00,1.16278,1.162985,1.162725,1.162955,383
1788892500,2026-09-08 15:35:00,1.162955,1.163055,1.16293,1.163,231
1788892800,2026-09-08 15:40:00,1.163,1.16306,1.162965,1.16306,182
1788893100,2026-09-08 15:45:00,1.16306,1.16306,1.162205,1.16226,1564
1788893400,2026-09-08 15:50:00,1.162265,1.162665,1.16224,1.162655,1344
1788893700,2026-09-08 15:55:00,1.16265,1.1629,1.16254,1.162885,790
1788894000,2026-09-08 16:00:00,1.16289,1.163035,1.162735,1.162945,519
1788894300,2026-09-08 16:05:00,1.16295,1.163005,1.162635,1.162635,325
1788894600,2026-09-08 16:10:00,1.162635,1.162685,1.16248,1.162625,431
1788894900,2026-09-08 16:15:00,1.162625,1.16271,1.16258,1.16261,265
1788895200,2026-09-08 16:20:00,1.162615,1.16272,1.162565,1.162565,408
1788895500,2026-09-08 16:25:00,1.162565,1.16265,1.16253,1.162575,239
1788895800,2026-09-08 16:30:00,1.162575,1.162675,1.162495,1.162555,282
1788896100,2026-09-08 16:35:00,1.16256,1.1627,1.162475,1.162665,271
1788896400,2026-09-08 16:40:00,1.162675,1.162735,1.162645,1.162695,153
1788896700,2026-09-08 16:45:00,1.162695,1.162695,1.16255,1.162585,178
1788897000,2026-09-08 16:50:00,1.162585,1.162595,1.16238,1.162445,510
1788897300,2026-09-08 16:55:00,1.16244,1.162445,1.16225,1.16233,538
1788897600,2026-09-08 17:00:00,1.162335,1.16254,1.162325,1.162415,291
1788897900,2026-09-08 17:05:00,1.162415,1.162415,1.162265,1.1623,81
1788898200,2026-09-08 17:10:00,1.1623,1.16237,1.162285,1.16237,57
1788898500,2026-09-08 17:15:00,1.16237,1.16244,1.16234,1.1624,86
1788898800,2026-09-08 17:20:00,1.162405,1.162455,1.162395,1.162395,34
1788899100,2026-09-08 17:25:00,1.162395,1.162395,1.162185,1.162265,96
1788899400,2026-09-08 17:30:00,1.162265,1.162345,1.16219,1.162295,137
1788899700,2026-09-08 17:35:00,1.162295,1.16236,1.162295,1.162355,93
1788900000,2026-09-08 17:40:00,1.162355,1.16236,1.16225,1.162295,99
1788900300,2026-09-08 17:45:00,1.16229,1.16229,1.162225,1.162235,114
1788900600,2026-09-08 17:50:00,1.16224,1.162365,1.16224,1.16236,105
1788900900,2026-09-08 17:55:00,1.16235,1.16247,1.1623,1.16247,216
1788901200,2026-09-08 18:00:00,1.16247,1.1627,1.162345,1.162565,35
1788901500,2026-09-08 18:05:00,1.162565,1.16258,1.162375,1.162425,19
1788901800,2026-09-08 18:10:00,1.162455,1.16255,1.162455,1.162515,10
1788902100,2026-09-08 18:15:00,1.162515,1.162585,1.16247,1.16248,19
1788902400,2026-09-08 18:20:00,1.16248,1.16253,1.16246,1.162505,38
1788902700,2026-09-08 18:25:00,1.162505,1.16251,1.162495,1.16251,10
1788903000,2026-09-08 18:30:00,1.16251,1.16251,1.16246,1.16246,9
1788903300,2026-09-08 18:35:00,1.16246,1.162535,1.16245,1.16251,118
1788903600,2026-09-08 18:40:00,1.162515,1.162535,1.162445,1.162475,140
1788903900,2026-09-08 18:45:00,1.162475,1.16263,1.16244,1.16262,292
1788904200,2026-09-08 18:50:00,1.16262,1.162695,1.16259,1.16267,169
1788904500,2026-09-08 18:55:00,1.16267,1.162685,1.162615,1.162665,53
1788904800,2026-09-08 19:00:00,1.16268,1.162685,1.162445,1.1626,205
1788905100,2026-09-08 19:05:00,1.162595,1.162645,1.162575,1.162635,50
1788905400,2026-09-08 19:10:00,1.162635,1.16266,1.16259,1.16264,141
1788905700,2026-09-08 19:15:00,1.16264,1.16271,1.16264,1.162685,114
1788906000,2026-09-08 19:20:00,1.162685,1.162705,1.162635,1.16268,83
1788906300,2026-09-08 19:25:00,1.162675,1.162725,1.162665,1.162725,105
1788906600,2026-09-08 19:30:00,1.16272,1.162745,1.162605,1.162605,136
1788906900,2026-09-08 19:35:00,1.162605,1.162635,1.16258,1.162605,83
1788907200,2026-09-08 19:40:00,1.162605,1.162605,1.162535,1.162565,70
1788907500,2026-09-08 19:45:00,1.162565,1.16261,1.162555,1.16261,119
1788907800,2026-09-08 19:50:00,1.162605,1.162615,1.16252,1.162535,80
1788908100,2026-09-08 19:55:00,1.162535,1.162595,1.162525,1.16258,87
1788908400,2026-09-08 20:00:00,1.162575,1.162615,1.16252,1.16252,125
1788908700,2026-09-08 20:05:00,1.16252,1.162645,1.16252,1.162625,69
1788909000,2026-09-08 20:10:00,1.162625,1.162635,1.162575,1.16259,77
1788909300,2026-09-08 20:15:00,1.16259,1.16271,1.16259,1.162685,71
1788909600,2026-09-08 20:20:00,1.162685,1.162705,1.16258,1.162675,94
1788909900,2026-09-08 20:25:00,1.162675,1.162705,1.162655,1.162705,27
1788910200,2026-09-08 20:30:00,1.1627,1.16274,1.162585,1.162585,126
1788910500,2026-09-08 20:35:00,1.162585,1.162715,1.16258,1.162715,51
1788910800,2026-09-08 20:40:00,1.162715,1.16287,1.162705,1.162835,160
1788911100,2026-09-08 20:45:00,1.162835,1.16289,1.162735,1.162845,182
1788911400,2026-09-08 20:50:00,1.16286,1.16286,1.16267,1.16274,140
1788911700,2026-09-08 20:55:00,1.162745,1.162805,1.16269,1.162795,159
1788912000,2026-09-08 21:00:00,1.16279,1.16317,1.16279,1.163165,558
1788912300,2026-09-08 21:05:00,1.16315,1.163165,1.16296,1.163,377
1788912600,2026-09-08 21:10:00,1.162995,1.163125,1.162955,1.163045,407
1788912900,2026-09-08 21:15:00,1.16304,1.163195,1.162985,1.16316,351
1788913200,2026-09-08 21:20:00,1.16316,1.16316,1.163005,1.16303,447
1788913500,2026-09-08 21:25:00,1.163025,1.16316,1.16301,1.16315,324
1788913800,2026-09-08 21:30:00,1.16316,1.163165,1.162975,1.163015,359
1788914100,2026-09-08 21:35:00,1.16302,1.163105,1.162955,1.163065,224
1788914400,2026-09-08 21:40:00,1.16306,1.16308,1.162975,1.16307,221
1788914700,2026-09-08 21:45:00,1.163065,1.163095,1.16299,1.16309,231
1788915000,2026-09-08 21:50:00,1.16309,1.16318,1.16299,1.163095,338
1788915300,2026-09-08 21:55:00,1.1631,1.16323,1.163025,1.16323,306
1788915600,2026-09-08 22:00:00,1.163235,1.16324,1.16289,1.162935,499
1788915900,2026-09-08 22:05:00,1.16294,1.16311,1.162885,1.16308,367
1788916200,2026-09-08 22:10:00,1.16308,1.16315,1.163065,1.16314,281
1788916500,2026-09-08 22:15:00,1.163135,1.163245,1.163045,1.163075,401
1788916800,2026-09-08 22:20:00,1.16308,1.16308,1.16279,1.16281,392
1788917100,2026-09-08 22:25:00,1.162815,1.162905,1.16277,1.162875,218
1788917400,2026-09-08 22:30:00,1.162875,1.162875,1.16275,1.162875,163
1788917700,2026-09-08 22:35:00,1.162875,1.16293,1.162815,1.1629,263
1788918000,2026-09-08 22:40:00,1.1629,1.162975,1.16286,1.162885,210
1788918300,2026-09-08 22:45:00,1.162885,1.163065,1.162885,1.162945,237
1788918600,2026-09-08 22:50:00,1.162945,1.163085,1.162935,1.163045,246
1788918900,2026-09-08 22:55:00,1.16305,1.16316,1.163005,1.163125,191
1788919200,2026-09-08 23:00:00,1.16312,1.163125,1.16297,1.162985,205
1788919500,2026-09-08 23:05:00,1.162985,1.163045,1.162865,1.163015,164
1788919800,2026-09-08 23:10:00,1.163015,1.16311,1.162945,1.163015,220
1788920100,2026-09-08 23:15:00,1.16301,1.163045,1.16294,1.163015,326
1788920400,2026-09-08 23:20:00,1.163015,1.163025,1.162825,1.162915,223
1788920700,2026-09-08 23:25:00,1.162915,1.162925,1.162805,1.162845,161
1788921000,2026-09-08 23:30:00,1.162835,1.16297,1.162825,1.162925,224
1788921300,2026-09-08 23:35:00,1.16293,1.16293,1.162835,1.16289,185
1788921600,2026-09-08 23:40:00,1.16289,1.162915,1.162865,1.162905,92
1788921900,2026-09-08 23:45:00,1.162905,1.163185,1.1629,1.16307,281
1788922200,2026-09-08 23:50:00,1.163065,1.16315,1.163015,1.163075,168
1788922500,2026-09-08 23:55:00,1.163075,1.163155,1.162995,1.163105,205
1788922800,2026-09-09 00:00:00,1.1631,1.16316,1.163045,1.16309,321
1788923100,2026-09-09 00:05:00,1.16309,1.163185,1.163015,1.163055,213
1788923400,2026-09-09 00:10:00,1.163055,1.16317,1.16301,1.16309,378
1788923700,2026-09-09 00:15:00,1.16309,1.163105,1.162985,1.163085,172
1788924000,2026-09-09 00:20:00,1.163085,1.163085,1.163,1.163055,198
1788924300,2026-09-09 00:25:00,1.163055,1.16309,1.16299,1.163005,230
1788924600,2026-09-09 00:30:00,1.162995,1.163015,1.162905,1.163015,270
1788924900,2026-09-09 00:35:00,1.163015,1.16314,1.16301,1.16309,253
1788925200,2026-09-09 00:40:00,1.163085,1.16314,1.16307,1.16312,259
1788925500,2026-09-09 00:45:00,1.163115,1.16318,1.163115,1.163155,183
1788925800,2026-09-09 00:50:00,1.16316,1.163205,1.163055,1.16308,219
1788926100,2026-09-09 00:55:00,1.163075,1.163085,1.162975,1.163015,171
1788926400,2026-09-09 01:00:00,1.16302,1.163135,1.162965,1.163125,268
1788926700,2026-09-09 01:05:00,1.163125,1.163135,1.16307,1.16311,208
1788927000,2026-09-09 01:10:00,1.16312,1.163125,1.16301,1.16308,309
1788927300,2026-09-09 01:15:00,1.163085,1.16311,1.16303,1.163105,284
1788927600,2026-09-09 01:20:00,1.1631,1.163225,1.163,1.16314,211
1788927900,2026-09-09 01:25:00,1.16314,1.163345,1.16314,1.16327,195
1788928200,2026-09-09 01:30:00,1.16327,1.16332,1.163205,1.16322,147
1788928500,2026-09-09 01:35:00,1.16322,1.163275,1.163175,1.163205,222
1788928800,2026-09-09 01:40:00,1.1632,1.163205,1.1631,1.16314,250
1788929100,2026-09-09 01:45:00,1.163145,1.163195,1.16309,1.16315,318
1788929400,2026-09-09 01:50:00,1.163145,1.16324,1.163135,1.16318,244
1788929700,2026-09-09 01:55:00,1.163175,1.16329,1.163175,1.16329,193
1788930000,2026-09-09 02:00:00,1.163295,1.163345,1.163195,1.16334,194
1788930300,2026-09-09 02:05:00,1.163345,1.16349,1.16334,1.16349,252
1788930600,2026-09-09 02:10:00,1.16349,1.163505,1.16337,1.1634,277
1788930900,2026-09-09 02:15:00,1.1634,1.163495,1.163335,1.163495,289
1788931200,2026-09-09 02:20:00,1.1635,1.16355,1.16345,1.163495,230
1788931500,2026-09-09 02:25:00,1.16351,1.16369,1.16345,1.16359,528
1788931800,2026-09-09 02:30:00,1.163595,1.16365,1.163405,1.163445,449
1788932100,2026-09-09 02:35:00,1.163445,1.163485,1.16335,1.16344,364
1788932400,2026-09-09 02:40:00,1.163445,1.16346,1.16333,1.16334,241
1788932700,2026-09-09 02:45:00,1.16333,1.1634,1.16321,1.16339,390
1788933000,2026-09-09 02:50:00,1.163385,1.163435,1.16329,1.16343,338
1788933300,2026-09-09 02:55:00,1.163425,1.16351,1.163425,1.163435,368
1788933600,2026-09-09 03:00:00,1.16344,1.16383,1.16344,1.163765,793
1788933900,2026-09-09 03:05:00,1.16377,1.163795,1.163595,1.16361,557
1788934200,2026-09-09 03:10:00,1.163605,1.164085,1.16354,1.16406,669
1788934500,2026-09-09 03:15:00,1.164055,1.1645,1.16405,1.164485,795
1788934800,2026-09-09 03:20:00,1.16447,1.16448,1.16416,1.164275,908
1788935100,2026-09-09 03:25:00,1.16427,1.16429,1.16402,1.16403,747
1788935400,2026-09-09 03:30:00,1.164035,1.164155,1.16388,1.164135,512
1788935700,2026-09-09 03:35:00,1.16414,1.164245,1.164075,1.164125,398
1788936000,2026-09-09 03:40:00,1.16412,1.16413,1.16373,1.16378,659
1788936300,2026-09-09 03:45:00,1.163775,1.1639,1.163705,1.163865,373
1788936600,2026-09-09 03:50:00,1.163865,1.16392,1.163725,1.16391,394
1788936900,2026-09-09 03:55:00,1.163915,1.16398,1.163825,1.16383,449
1788937200,2026-09-09 04:00:00,1.163835,1.16415,1.163835,1.16399,651
1788937500,2026-09-09 04:05:00,1.163995,1.164085,1.16394,1.164085,858
1788937800,2026-09-09 04:10:00,1.16408,1.16454,1.16408,1.164435,867
1788938100,2026-09-09 04:15:00,1.16443,1.164565,1.16431,1.164315,591
1788938400,2026-09-09 04:20:00,1.16432,1.164335,1.16378,1.16389,908
1788938700,2026-09-09 04:25:00,1.163885,1.163985,1.16378,1.163935,655
1788939000,2026-09-09 04:30:00,1.16393,1.16407,1.16374,1.16386,610
1788939300,2026-09-09 04:35:00,1.163865,1.164235,1.163845,1.1642,595
1788939600,2026-09-09 04:40:00,1.164205,1.164485,1.16418,1.164485,733
1788939900,2026-09-09 04:45:00,1.16448,1.16494,1.16443,1.1646,931
1788940200,2026-09-09 04:50:00,1.164605,1.164605,1.16429,1.16432,736
1788940500,2026-09-09 04:55:00,1.164325,1.16438,1.16419,1.16427,780
1788940800,2026-09-09 05:00:00,1.164275,1.164325,1.16382,1.163875,1066
1788941100,2026-09-09 05:05:00,1.16387,1.163955,1.163635,1.163645,866
1788941400,2026-09-09 05:10:00,1.16365,1.163965,1.16361,1.163895,861
1788941700,2026-09-09 05:15:00,1.1639,1.16395,1.16368,1.1639,619
1788942000,2026-09-09 05:20:00,1.163905,1.16396,1.163685,1.163745,428
1788942300,2026-09-09 05:25:00,1.16375,1.16379,1.163595,1.163685,448
1788942600,2026-09-09 05:30:00,1.16369,1.16373,1.16355,1.163665,550
1788942900,2026-09-09 05:35:00,1.163665,1.163685,1.163495,1.16357,553
1788943200,2026-09-09 05:40:00,1.163575,1.16363,1.16339,1.16347,615
1788943500,2026-09-09 05:45:00,1.163475,1.163695,1.163455,1.163615,619
1788943800,2026-09-09 05:50:00,1.16361,1.163635,1.16344,1.163445,371
1788944100,2026-09-09 05:55:00,1.16345,1.16352,1.16326,1.163285,446
1788944400,2026-09-09 06:00:00,1.16328,1.163365,1.16316,1.163355,632
1788944700,2026-09-09 06:05:00,1.163355,1.163415,1.163295,1.163375,484
1788945000,2026-09-09 06:10:00,1.163375,1.163375,1.16305,1.163115,652
1788945300,2026-09-09 06:15:00,1.16311,1.16338,1.163105,1.16332,600
1788945600,2026-09-09 06:20:00,1.163315,1.163425,1.16324,1.163375,625
1788945900,2026-09-09 06:25:00,1.16337,1.16348,1.163255,1.163305,474
1788946200,2026-09-09 06:30:00,1.163305,1.16342,1.16319,1.16329,514
1788946500,2026-09-09 06:35:00,1.16329,1.163315,1.163095,1.16323,455
1788946800,2026-09-09 06:40:00,1.16323,1.163315,1.162995,1.163,415
1788947100,2026-09-09 06:45:00,1.162995,1.163035,1.16275,1.16278,570
1788947400,2026-09-09 06:50:00,1.16278,1.162795,1.16233,1.162375,787
1788947700,2026-09-09 06:55:00,1.16238,1.162485,1.16224,1.162375,1024
1788948000,2026-09-09 07:00:00,1.16236,1.162525,1.162195,1.162435,967
1788948300,2026-09-09 07:05:00,1.16244,1.16261,1.16242,1.162535,643
1788948600,2026-09-09 07:10:00,1.16253,1.16284,1.16248,1.162515,597
1788948900,2026-09-09 07:15:00,1.162505,1.16259,1.162355,1.162585,504
1788949200,2026-09-09 07:20:00,1.16259,1.162735,1.162575,1.162605,303
1788949500,2026-09-09 07:25:00,1.162605,1.16273,1.162555,1.16265,330
1788949800,2026-09-09 07:30:00,1.16265,1.162925,1.16262,1.162925,430
1788950100,2026-09-09 07:35:00,1.16293,1.163155,1.162905,1.16303,400
1788950400,2026-09-09 07:40:00,1.163025,1.16305,1.162775,1.16278,451
1788950700,2026-09-09 07:45:00,1.16278,1.16318,1.162775,1.163135,467
1788951000,2026-09-09 07:50:00,1.163135,1.16335,1.163075,1.163085,559
1788951300,2026-09-09 07:55:00,1.16308,1.163095,1.16294,1.16304,473
1788951600,2026-09-09 08:00:00,1.16304,1.163245,1.16301,1.163235,366
1788951900,2026-09-09 08:05:00,1.163235,1.16335,1.163195,1.163315,410
1788952200,2026-09-09 08:10:00,1.163315,1.16335,1.163205,1.163305,410
1788952500,2026-09-09 08:15:00,1.16331,1.163815,1.16322,1.16377,616
1788952800,2026-09-09 08:20:00,1.16377,1.1641,1.16376,1.164055,576
1788953100,2026-09-09 08:25:00,1.16405,1.16479,1.16401,1.164775,744
1788953400,2026-09-09 08:30:00,1.16478,1.1648,1.164245,1.16465,1714
1788953700,2026-09-09 08:35:00,1.164655,1.16469,1.16424,1.1643,1205
1788954000,2026-09-09 08:40:00,1.16431,1.164605,1.16431,1.16438,782
1788954300,2026-09-09 08:45:00,1.164385,1.164825,1.164295,1.164765,1143
1788954600,2026-09-09 08:50:00,1.16476,1.164885,1.164425,1.16444,1000
1788954900,2026-09-09 08:55:00,1.16443,1.16462,1.164315,1.164575,667
1788955200,2026-09-09 09:00:00,1.16458,1.16499,1.16458,1.16493,992
1788955500,2026-09-09 09:05:00,1.164935,1.165195,1.164795,1.165185,1391
1788955800,2026-09-09 09:10:00,1.16518,1.16543,1.16515,1.165235,1126
1788956100,2026-09-09 09:15:00,1.16524,1.165245,1.165085,1.16522,851
1788956400,2026-09-09 09:20:00,1.16523,1.165245,1.164785,1.16488,908
1788956700,2026-09-09 09:25:00,1.16488,1.164925,1.16457,1.164675,764
1788957000,2026-09-09 09:30:00,1.164685,1.164725,1.164525,1.16462,590
1788957300,2026-09-09 09:35:00,1.164615,1.164895,1.164555,1.1648,715
1788957600,2026-09-09 09:40:00,1.164795,1.16483,1.164625,1.164635,524
1788957900,2026-09-09 09:45:00,1.16464,1.16481,1.164325,1.16434,569
1788958200,2026-09-09 09:50:00,1.164335,1.164555,1.164265,1.1644,586
1788958500,2026-09-09 09:55:00,1.164405,1.164655,1.1644,1.164655,594
1788958800,2026-09-09 10:00:00,1.16465,1.164875,1.16458,1.16477,740
1788959100,2026-09-09 10:05:00,1.16477,1.164805,1.164655,1.16471,567
1788959400,2026-09-09 10:10:00,1.164705,1.164855,1.16461,1.16482,624
1788959700,2026-09-09 10:15:00,1.164815,1.164815,1.16448,1.16471,483
1788960000,2026-09-09 10:20:00,1.164725,1.16473,1.16452,1.16471,493
1788960300,2026-09-09 10:25:00,1.16471,1.164795,1.16464,1.164755,546
1788960600,2026-09-09 10:30:00,1.16475,1.16495,1.16468,1.164905,729
1788960900,2026-09-09 10:35:00,1.164905,1.16493,1.164605,1.16478,675
1788961200,2026-09-09 10:40:00,1.16479,1.164925,1.16452,1.164865,901
1788961500,2026-09-09 10:45:00,1.16487,1.165,1.164795,1.16485,733
1788961800,2026-09-09 10:50:00,1.16486,1.164945,1.16459,1.164625,678
1788962100,2026-09-09 10:55:00,1.164625,1.164795,1.16456,1.16475,722
1788962400,2026-09-09 11:00:00,1.16475,1.16501,1.16466,1.164955,1052
1788962700,2026-09-09 11:05:00,1.16496,1.16512,1.164875,1.16495,963
1788963000,2026-09-09 11:10:00,1.16495,1.165255,1.16484,1.16524,987
1788963300,2026-09-09 11:15:00,1.165245,1.165295,1.16491,1.16501,1306
1788963600,2026-09-09 11:20:00,1.165015,1.165015,1.16451,1.164515,1281
1788963900,2026-09-09 11:25:00,1.16452,1.164735,1.1645,1.16471,1059
1788964200,2026-09-09 11:30:00,1.16471,1.16471,1.16449,1.16454,688
1788964500,2026-09-09 11:35:00,1.16453,1.164715,1.164465,1.164615,524
1788964800,2026-09-09 11:40:00,1.164615,1.16464,1.164445,1.16455,715
1788965100,2026-09-09 11:45:00,1.164545,1.16462,1.164455,1.16456,620
1788965400,2026-09-09 11:50:00,1.164565,1.164755,1.164545,1.164705,787
1788965700,2026-09-09 11:55:00,1.16471,1.16485,1.164595,1.1648,897
1788966000,2026-09-09 12:00:00,1.164805,1.16515,1.163515,1.16358,3266
1788966300,2026-09-09 12:05:00,1.163575,1.163675,1.16277,1.163205,2974
1788966600,2026-09-09 12:10:00,1.1632,1.1632,1.162305,1.16236,2440
1788966900,2026-09-09 12:15:00,1.162365,1.162525,1.16212,1.16225,2139
1788967200,2026-09-09 12:20:00,1.162245,1.16248,1.16201,1.162095,1682
1788967500,2026-09-09 12:25:00,1.1621,1.162555,1.16209,1.16251,1734
1788967800,2026-09-09 12:30:00,1.162515,1.162605,1.162355,1.1626,1298
1788968100,2026-09-09 12:35:00,1.162595,1.16348,1.16259,1.163415,1566
1788968400,2026-09-09 12:40:00,1.16342,1.163455,1.163015,1.16313,1209
1788968700,2026-09-09 12:45:00,1.16314,1.163225,1.162735,1.16289,836
1788969000,2026-09-09 12:50:00,1.162895,1.163295,1.16284,1.162875,1168
1788969300,2026-09-09 12:55:00,1.162875,1.16289,1.162525,1.162705,952
1788969600,2026-09-09 13:00:00,1.162715,1.16336,1.162705,1.163345,1207
1788969900,2026-09-09 13:05:00,1.16334,1.163395,1.16278,1.162875,1194
1788970200,2026-09-09 13:10:00,1.16288,1.163025,1.162815,1.162995,728
1788970500,2026-09-09 13:15:00,1.16299,1.163015,1.162695,1.16285,953
1788970800,2026-09-09 13:20:00,1.162855,1.16296,1.1627,1.162915,637
1788971100,2026-09-09 13:25:00,1.16292,1.16301,1.162825,1.16295,877
1788971400,2026-09-09 13:30:00,1.162945,1.163165,1.162875,1.16312,1029
1788971700,2026-09-09 13:35:00,1.163125,1.16338,1.16309,1.163375,942
1788972000,2026-09-09 13:40:00,1.163375,1.16359,1.163345,1.1635,807
1788972300,2026-09-09 13:45:00,1.163495,1.163915,1.16348,1.16386,861
1788972600,2026-09-09 13:50:00,1.163855,1.16397,1.163715,1.163775,756
1788972900,2026-09-09 13:55:00,1.16377,1.16377,1.163565,1.163585,499
1788973200,2026-09-09 14:00:00,1.16359,1.16384,1.163495,1.163805,1104
1788973500,2026-09-09 14:05:00,1.163805,1.16412,1.163805,1.163995,966
1788973800,2026-09-09 14:10:00,1.16399,1.16399,1.16382,1.163825,698
1788974100,2026-09-09 14:15:00,1.16383,1.16392,1.16375,1.163835,694
1788974400,2026-09-09 14:20:00,1.16384,1.16403,1.16383,1.164005,678
1788974700,2026-09-09 14:25:00,1.164,1.16409,1.16396,1.16405,486
1788975000,2026-09-09 14:30:00,1.164045,1.164045,1.16384,1.163875,746
1788975300,2026-09-09 14:35:00,1.163875,1.163875,1.16363,1.16371,511
1788975600,2026-09-09 14:40:00,1.163715,1.163945,1.16371,1.163845,355
1788975900,2026-09-09 14:45:00,1.163845,1.16389,1.163815,1.16385,189
1788976200,2026-09-09 14:50:00,1.163855,1.163855,1.16377,1.16379,139
1788976500,2026-09-09 14:55:00,1.16379,1.163895,1.163785,1.163825,226
1788976800,2026-09-09 15:00:00,1.16383,1.163965,1.163805,1.163885,633
1788977100,2026-09-09 15:05:00,1.163885,1.163925,1.16373,1.16379,191
1788977400,2026-09-09 15:10:00,1.16379,1.16391,1.163785,1.16382,166
1788977700,2026-09-09 15:15:00,1.163815,1.16382,1.16357,1.16358,210
1788978000,2026-09-09 15:20:00,1.16358,1.163655,1.1635,1.16361,160
1788978300,2026-09-09 15:25:00,1.16361,1.1637,1.163515,1.16358,288
1788978600,2026-09-09 15:30:00,1.163575,1.163595,1.163335,1.163405,395
1788978900,2026-09-09 15:35:00,1.163405,1.163415,1.16329,1.163315,198
1788979200,2026-09-09 15:40:00,1.163315,1.163355,1.16308,1.16308,238
1788979500,2026-09-09 15:45:00,1.16308,1.163095,1.162955,1.162965,154
1788979800,2026-09-09 15:50:00,1.162965,1.16302,1.16284,1.16286,282
1788980100,2026-09-09 15:55:00,1.16287,1.16296,1.162805,1.162935,403
1788980400,2026-09-09 16:00:00,1.16294,1.16301,1.16267,1.162695,309
1788980700,2026-09-09 16:05:00,1.162695,1.162785,1.162575,1.16272,334
1788981000,2026-09-09 16:10:00,1.162715,1.162755,1.162605,1.16268,201
1788981300,2026-09-09 16:15:00,1.162675,1.162785,1.162635,1.162755,195
1788981600,2026-09-09 16:20:00,1.16278,1.16296,1.162745,1.162805,266
1788981900,2026-09-09 16:25:00,1.162805,1.162835,1.162745,1.16275,193
1788982200,2026-09-09 16:30:00,1.162745,1.162845,1.162725,1.162815,265
1788982500,2026-09-09 16:35:00,1.162815,1.162915,1.162785,1.162905,203
1788982800,2026-09-09 16:40:00,1.162905,1.162995,1.16289,1.162985,164
1788983100,2026-09-09 16:45:00,1.16299,1.163165,1.16299,1.163115,176
1788983400,2026-09-09 16:50:00,1.16311,1.16311,1.163005,1.163065,193
1788983700,2026-09-09 16:55:00,1.163055,1.16317,1.163005,1.16312,322
1788984000,2026-09-09 17:00:00,1.163125,1.163125,1.162875,1.16292,244
1788984300,2026-09-09 17:05:00,1.162915,1.16297,1.162835,1.16287,82
1788984600,2026-09-09 17:10:00,1.16287,1.162925,1.162855,1.162915,29
1788984900,2026-09-09 17:15:00,1.16292,1.16292,1.16279,1.162815,65
1788985200,2026-09-09 17:20:00,1.162815,1.1629,1.162815,1.1629,28
1788985500,2026-09-09 17:25:00,1.162895,1.16295,1.162885,1.16295,62
1788985800,2026-09-09 17:30:00,1.162955,1.163115,1.162955,1.163065,129
1788986100,2026-09-09 17:35:00,1.16307,1.163175,1.16307,1.163085,84
1788986400,2026-09-09 17:40:00,1.16309,1.163155,1.163085,1.16313,78
1788986700,2026-09-09 17:45:00,1.163125,1.16326,1.163125,1.16324,249
1788987000,2026-09-09 17:50:00,1.16323,1.16338,1.163225,1.163285,195
1788987300,2026-09-09 17:55:00,1.16329,1.16339,1.163215,1.16334,278
1788987600,2026-09-09 18:00:00,1.16334,1.163435,1.16308,1.16329,22
1788987900,2026-09-09 18:05:00,1.16329,1.163685,1.16324,1.16367,43
1788988200,2026-09-09 18:10:00,1.16367,1.163675,1.163415,1.163595,109
1788988500,2026-09-09 18:15:00,1.16362,1.16365,1.16356,1.163605,53
1788988800,2026-09-09 18:20:00,1.163605,1.163695,1.163565,1.16366,54
1788989100,2026-09-09 18:25:00,1.16367,1.16369,1.1636,1.16362,51
1788989400,2026-09-09 18:30:00,1.163595,1.16361,1.16359,1.163595,38
1788989700,2026-09-09 18:35:00,1.163595,1.163625,1.16356,1.163585,99
1788990000,2026-09-09 18:40:00,1.163585,1.16365,1.16358,1.163605,61
1788990300,2026-09-09 18:45:00,1.163605,1.163615,1.16358,1.16361,73
1788990600,2026-09-09 18:50:00,1.16361,1.16363,1.163555,1.163595,124
1788990900,2026-09-09 18:55:00,1.163595,1.163595,1.163505,1.163535,220
1788991200,2026-09-09 19:00:00,1.16353,1.16373,1.163345,1.16338,167
1788991500,2026-09-09 19:05:00,1.16338,1.163535,1.163365,1.163535,43
1788991800,2026-09-09 19:10:00,1.163535,1.16364,1.16353,1.163575,112
1788992100,2026-09-09 19:15:00,1.16358,1.16371,1.16357,1.163695,89
1788992400,2026-09-09 19:20:00,1.163695,1.163835,1.163695,1.16378,107
1788992700,2026-09-09 19:25:00,1.16378,1.163835,1.163775,1.16379,62
1788993000,2026-09-09 19:30:00,1.163785,1.163825,1.163675,1.16368,83
1788993300,2026-09-09 19:35:00,1.16368,1.16368,1.163625,1.16363,31
1788993600,2026-09-09 19:40:00,1.16363,1.163785,1.16363,1.163765,63
1788993900,2026-09-09 19:45:00,1.163765,1.163765,1.163675,1.16368,56
1788994200,2026-09-09 19:50:00,1.16368,1.16373,1.16367,1.16371,56
1788994500,2026-09-09 19:55:00,1.16371,1.163795,1.163665,1.16377,85
1788994800,2026-09-09 20:00:00,1.163765,1.163815,1.163735,1.163735,146
1788995100,2026-09-09 20:05:00,1.163735,1.163755,1.16368,1.163685,34
1788995400,2026-09-09 20:10:00,1.163685,1.163785,1.16368,1.16378,114
1788995700,2026-09-09 20:15:00,1.16378,1.1638,1.16376,1.16376,99
1788996000,2026-09-09 20:20:00,1.16376,1.16376,1.16366,1.16366,102
1788996300,2026-09-09 20:25:00,1.16366,1.163735,1.163655,1.16368,64
1788996600,2026-09-09 20:30:00,1.163685,1.163745,1.16361,1.16362,73
1788996900,2026-09-09 20:35:00,1.16362,1.163675,1.163605,1.163635,94
1788997200,2026-09-09 20:40:00,1.163635,1.16367,1.1635,1.163615,81
1788997500,2026-09-09 20:45:00,1.163615,1.163625,1.16345,1.16351,63
1788997800,2026-09-09 20:50:00,1.16351,1.16353,1.163355,1.163365,130
1788998100,2026-09-09 20:55:00,1.163365,1.163405,1.16328,1.163395,211
1788998400,2026-09-09 21:00:00,1.16339,1.163425,1.16319,1.16322,526
1788998700,2026-09-09 21:05:00,1.16322,1.1633,1.163115,1.16327,475
1788999000,2026-09-09 21:10:00,1.163265,1.163435,1.16321,1.16336,614
1788999300,2026-09-09 21:15:00,1.16336,1.16346,1.16331,1.16333,474
1788999600,2026-09-09 21:20:00,1.163335,1.16345,1.16314,1.16318,321
1788999900,2026-09-09 21:25:00,1.16318,1.1633,1.163065,1.16307,444
1789000200,2026-09-09 21:30:00,1.16307,1.16315,1.16295,1.163,395
1789000500,2026-09-09 21:35:00,1.163,1.16323,1.16298,1.163205,324
1789000800,2026-09-09 21:40:00,1.163205,1.16323,1.163105,1.163205,275
1789001100,2026-09-09 21:45:00,1.16321,1.16328,1.163115,1.163275,380
1789001400,2026-09-09 21:50:00,1.16327,1.163405,1.16315,1.163225,568
1789001700,2026-09-09 21:55:00,1.16322,1.163315,1.16309,1.16311,437
1789002000,2026-09-09 22:00:00,1.16312,1.163325,1.163085,1.163245,562
1789002300,2026-09-09 22:05:00,1.16325,1.16352,1.16324,1.16352,558
1789002600,2026-09-09 22:10:00,1.163525,1.16356,1.163315,1.16353,436
1789002900,2026-09-09 22:15:00,1.163525,1.163635,1.16341,1.163565,685
1789003200,2026-09-09 22:20:00,1.16356,1.163565,1.163365,1.163375,451
1789003500,2026-09-09 22:25:00,1.16338,1.163385,1.16322,1.16324,339
1789003800,2026-09-09 22:30:00,1.163245,1.163435,1.1632,1.16343,446
1789004100,2026-09-09 22:35:00,1.163425,1.163445,1.163305,1.16339,380
1789004400,2026-09-09 22:40:00,1.163385,1.163415,1.16331,1.1634,358
1789004700,2026-09-09 22:45:00,1.16341,1.163555,1.163365,1.163475,265
1789005000,2026-09-09 22:50:00,1.16348,1.163855,1.16346,1.163795,663
1789005300,2026-09-09 22:55:00,1.16379,1.16402,1.16378,1.163965,830
1789005600,2026-09-09 23:00:00,1.16397,1.164115,1.163915,1.16396,683
1789005900,2026-09-09 23:05:00,1.163955,1.164,1.16388,1.16393,499
1789006200,2026-09-09 23:10:00,1.16393,1.163935,1.163765,1.16383,455
1789006500,2026-09-09 23:15:00,1.163835,1.16385,1.163625,1.163735,241
1789006800,2026-09-09 23:20:00,1.16373,1.163765,1.16361,1.16363,287
1789007100,2026-09-09 23:25:00,1.16363,1.1637,1.163605,1.16364,231
1789007400,2026-09-09 23:30:00,1.16364,1.16364,1.16341,1.16348,396
1789007700,2026-09-09 23:35:00,1.163485,1.163725,1.16346,1.163665,306
1789008000,2026-09-09 23:40:00,1.16367,1.16379,1.163615,1.163635,290
1789008300,2026-09-09 23:45:00,1.163635,1.16376,1.16358,1.163725,494
1789008600,2026-09-09 23:50:00,1.163725,1.163825,1.163665,1.163795,303
1789008900,2026-09-09 23:55:00,1.16379,1.164,1.163755,1.16399,244
1789009200,2026-09-10 00:00:00,1.16399,1.164025,1.16388,1.163975,250
1789009500,2026-09-10 00:05:00,1.16397,1.16397,1.16368,1.16371,222
1789009800,2026-09-10 00:10:00,1.163715,1.16376,1.16366,1.16367,262
1789010100,2026-09-10 00:15:00,1.163675,1.16373,1.16362,1.16373,226
1789010400,2026-09-10 00:20:00,1.16373,1.163735,1.16364,1.16371,225
1789010700,2026-09-10 00:25:00,1.163705,1.16377,1.16368,1.16374,298
1789011000,2026-09-10 00:30:00,1.163735,1.16379,1.163715,1.16378,227
1789011300,2026-09-10 00:35:00,1.16378,1.16379,1.1637,1.1637,161
1789011600,2026-09-10 00:40:00,1.1637,1.1637,1.16363,1.16369,106
1789011900,2026-09-10 00:45:00,1.16369,1.163795,1.16369,1.16379,162
1789012200,2026-09-10 00:50:00,1.163785,1.16379,1.16371,1.163715,209
1789012500,2026-09-10 00:55:00,1.163715,1.16389,1.16371,1.163875,155
1789012800,2026-09-10 01:00:00,1.16388,1.163895,1.163765,1.163815,246
1789013100,2026-09-10 01:05:00,1.16381,1.163925,1.163795,1.163865,275
1789013400,2026-09-10 01:10:00,1.16386,1.16404,1.163855,1.163945,324
1789013700,2026-09-10 01:15:00,1.163945,1.16399,1.163935,1.163945,153
1789014000,2026-09-10 01:20:00,1.163945,1.163945,1.16381,1.163815,219
1789014300,2026-09-10 01:25:00,1.16381,1.16383,1.16378,1.16378,194
1789014600,2026-09-10 01:30:00,1.16378,1.163885,1.16378,1.163825,311
1789014900,2026-09-10 01:35:00,1.16382,1.1639,1.16381,1.16388,279
1789015200,2026-09-10 01:40:00,1.16388,1.1639,1.163785,1.16379,229
1789015500,2026-09-10 01:45:00,1.163785,1.16384,1.16375,1.163785,154
1789015800,2026-09-10 01:50:00,1.163785,1.16379,1.163635,1.16364,195
1789016100,2026-09-10 01:55:00,1.163645,1.16373,1.16363,1.16369,174
1789016400,2026-09-10 02:00:00,1.163695,1.16382,1.16369,1.163765,298
1789016700,2026-09-10 02:05:00,1.163765,1.16378,1.16371,1.16371,121
1789017000,2026-09-10 02:10:00,1.163715,1.163825,1.163705,1.163825,138
1789017300,2026-09-10 02:15:00,1.163825,1.1639,1.163785,1.16383,272
1789017600,2026-09-10 02:20:00,1.16383,1.163875,1.163795,1.16384,266
1789017900,2026-09-10 02:25:00,1.16384,1.163875,1.16378,1.163875,381
1789018200,2026-09-10 02:30:00,1.16388,1.16402,1.163845,1.163985,471
1789018500,2026-09-10 02:35:00,1.163985,1.164005,1.16376,1.163775,398
1789018800,2026-09-10 02:40:00,1.163775,1.163905,1.16372,1.16375,344
1789019100,2026-09-10 02:45:00,1.163745,1.163925,1.163745,1.16386,498
1789019400,2026-09-10 02:50:00,1.16387,1.164075,1.163865,1.163985,320
1789019700,2026-09-10 02:55:00,1.163985,1.16404,1.16397,1.16403,378
1789020000,2026-09-10 03:00:00,1.164025,1.164025,1.163915,1.163975,376
1789020300,2026-09-10 03:05:00,1.16398,1.164,1.16393,1.163975,241
1789020600,2026-09-10 03:10:00,1.16398,1.163985,1.16377,1.163815,380
1789020900,2026-09-10 03:15:00,1.16382,1.16395,1.16377,1.163915,556
1789021200,2026-09-10 03:20:00,1.16392,1.16396,1.163805,1.163895,579
1789021500,2026-09-10 03:25:00,1.16389,1.163985,1.16388,1.16397,478
1789021800,2026-09-10 03:30:00,1.163975,1.164,1.16379,1.163975,456
1789022100,2026-09-10 03:35:00,1.16397,1.163995,1.163935,1.163975,272
1789022400,2026-09-10 03:40:00,1.16399,1.16399,1.163775,1.16382,336
1789022700,2026-09-10 03:45:00,1.163825,1.16398,1.16382,1.163925,270
1789023000,2026-09-10 03:50:00,1.163925,1.163965,1.163655,1.163955,393
1789023300,2026-09-10 03:55:00,1.16396,1.164025,1.163915,1.16399,565
1789023600,2026-09-10 04:00:00,1.163985,1.163985,1.16366,1.16369,731
1789023900,2026-09-10 04:05:00,1.163695,1.163715,1.16357,1.16367,546
1789024200,2026-09-10 04:10:00,1.16367,1.16383,1.16363,1.163785,403
1789024500,2026-09-10 04:15:00,1.163775,1.163905,1.16372,1.163875,249
1789024800,2026-09-10 04:20:00,1.163875,1.16397,1.16384,1.163945,333
1789025100,2026-09-10 04:25:00,1.16395,1.163965,1.163775,1.1639,389
1789025400,2026-09-10 04:30:00,1.163905,1.164175,1.163905,1.164085,460
1789025700,2026-09-10 04:35:00,1.164085,1.164185,1.16386,1.16392,481
1789026000,2026-09-10 04:40:00,1.16391,1.164105,1.163865,1.164085,376
1789026300,2026-09-10 04:45:00,1.16409,1.16412,1.16387,1.16391,472
1789026600,2026-09-10 04:50:00,1.1639,1.16413,1.163895,1.164125,424
1789026900,2026-09-10 04:55:00,1.16412,1.16413,1.16391,1.163985,618
1789027200,2026-09-10 05:00:00,1.16398,1.164,1.1637,1.16373,512
1789027500,2026-09-10 05:05:00,1.163735,1.163765,1.163625,1.163705,332
1789027800,2026-09-10 05:10:00,1.16371,1.16374,1.16355,1.16358,632
1789028100,2026-09-10 05:15:00,1.16358,1.16374,1.16356,1.16372,423
1789028400,2026-09-10 05:20:00,1.16372,1.16381,1.163695,1.16381,327
1789028700,2026-09-10 05:25:00,1.16381,1.163875,1.163705,1.163865,342
1789029000,2026-09-10 05:30:00,1.16387,1.16389,1.16357,1.163855,455
1789029300,2026-09-10 05:35:00,1.163855,1.16397,1.163785,1.163795,441
1789029600,2026-09-10 05:40:00,1.163795,1.16384,1.1636,1.163655,426
1789029900,2026-09-10 05:45:00,1.163655,1.163785,1.16365,1.163675,308
1789030200,2026-09-10 05:50:00,1.163675,1.16384,1.16358,1.163645,472
1789030500,2026-09-10 05:55:00,1.16364,1.163805,1.163445,1.163795,532
1789030800,2026-09-10 06:00:00,1.16379,1.16392,1.163735,1.16376,582
1789031100,2026-09-10 06:05:00,1.163765,1.1639,1.1637,1.163835,419
1789031400,2026-09-10 06:10:00,1.163835,1.164035,1.163785,1.16403,489
1789031700,2026-09-10 06:15:00,1.16403,1.16404,1.1639,1.163925,325
1789032000,2026-09-10 06:20:00,1.163925,1.163925,1.16364,1.16364,310
1789032300,2026-09-10 06:25:00,1.163645,1.16377,1.16352,1.16369,403
1789032600,2026-09-10 06:30:00,1.163695,1.1637,1.163375,1.16348,477
1789032900,2026-09-10 06:35:00,1.163485,1.163485,1.16333,1.163425,278
1789033200,2026-09-10 06:40:00,1.163415,1.163465,1.163125,1.163315,691
1789033500,2026-09-10 06:45:00,1.16332,1.16345,1.163215,1.163285,515
1789033800,2026-09-10 06:50:00,1.16329,1.163365,1.16314,1.1633,647
1789034100,2026-09-10 06:55:00,1.163305,1.16351,1.163305,1.16348,525
1789034400,2026-09-10 07:00:00,1.163475,1.163715,1.163355,1.163685,395
1789034700,2026-09-10 07:05:00,1.16368,1.163815,1.163595,1.163705,387
1789035000,2026-09-10 07:10:00,1.16371,1.16374,1.163495,1.163535,372
1789035300,2026-09-10 07:15:00,1.16352,1.163615,1.16342,1.16342,389
1789035600,2026-09-10 07:20:00,1.163425,1.16351,1.16325,1.16331,390
1789035900,2026-09-10 07:25:00,1.16331,1.16335,1.16305,1.16306,503
1789036200,2026-09-10 07:30:00,1.163055,1.16309,1.16254,1.162625,682
1789036500,2026-09-10 07:35:00,1.16262,1.162625,1.16234,1.16251,965
1789036800,2026-09-10 07:40:00,1.162505,1.16257,1.162375,1.162395,770
1789037100,2026-09-10 07:45:00,1.16239,1.16251,1.162345,1.16247,885
1789037400,2026-09-10 07:50:00,1.162475,1.16267,1.162445,1.16254,769
1789037700,2026-09-10 07:55:00,1.162535,1.162985,1.16252,1.162775,1362
1789038000,2026-09-10 08:00:00,1.16277,1.16287,1.162645,1.16272,740
1789038300,2026-09-10 08:05:00,1.16273,1.162765,1.162425,1.162425,433
1789038600,2026-09-10 08:10:00,1.162425,1.162485,1.16229,1.162445,613
1789038900,2026-09-10 08:15:00,1.16244,1.16255,1.162325,1.16249,663
1789039200,2026-09-10 08:20:00,1.16249,1.1625,1.16217,1.16219,664
1789039500,2026-09-10 08:25:00,1.16219,1.162565,1.16218,1.16233,617
1789039800,2026-09-10 08:30:00,1.162335,1.162455,1.162265,1.162285,551
1789040100,2026-09-10 08:35:00,1.16228,1.162455,1.16223,1.162455,542
1789040400,2026-09-10 08:40:00,1.16245,1.162635,1.162435,1.162635,482
1789040700,2026-09-10 08:45:00,1.16264,1.162695,1.16229,1.162495,611
1789041000,2026-09-10 08:50:00,1.162495,1.162495,1.16222,1.162385,533
1789041300,2026-09-10 08:55:00,1.16238,1.16238,1.16151,1.161705,1123
1789041600,2026-09-10 09:00:00,1.16171,1.161945,1.161475,1.161545,1424
1789041900,2026-09-10 09:05:00,1.16155,1.161765,1.1614,1.16155,1208
1789042200,2026-09-10 09:10:00,1.161555,1.161805,1.161355,1.161515,796
1789042500,2026-09-10 09:15:00,1.16152,1.161665,1.16102,1.161535,1733
1789042800,2026-09-10 09:20:00,1.16154,1.162035,1.161395,1.16202,1877
1789043100,2026-09-10 09:25:00,1.162015,1.162485,1.16201,1.162215,1277
1789043400,2026-09-10 09:30:00,1.162255,1.162785,1.15973,1.15977,3486
1789043700,2026-09-10 09:35:00,1.159775,1.160215,1.15921,1.15951,3056
1789044000,2026-09-10 09:40:00,1.159525,1.16029,1.15934,1.16014,2306
1789044300,2026-09-10 09:45:00,1.160125,1.1609,1.160105,1.16086,2146
1789044600,2026-09-10 09:50:00,1.160865,1.160975,1.160305,1.160475,2387
1789044900,2026-09-10 09:55:00,1.16047,1.16058,1.16,1.160465,2352
1789045200,2026-09-10 10:00:00,1.16047,1.16061,1.160165,1.16053,2590
1789045500,2026-09-10 10:05:00,1.160535,1.16075,1.16004,1.1601,2366
1789045800,2026-09-10 10:10:00,1.160095,1.160415,1.16001,1.16005,2220
1789046100,2026-09-10 10:15:00,1.160045,1.16033,1.159995,1.160095,1784
1789046400,2026-09-10 10:20:00,1.1601,1.160495,1.160005,1.160025,1412
1789046700,2026-09-10 10:25:00,1.16002,1.16036,1.15976,1.16028,1563
1789047000,2026-09-10 10:30:00,1.16027,1.16099,1.16018,1.160835,2537
1789047300,2026-09-10 10:35:00,1.16084,1.161295,1.160825,1.16107,2050
1789047600,2026-09-10 10:40:00,1.161075,1.161795,1.16101,1.1616,1784
1789047900,2026-09-10 10:45:00,1.161595,1.16191,1.161575,1.16186,1753
1789048200,2026-09-10 10:50:00,1.161865,1.161875,1.161375,1.161385,1539
1789048500,2026-09-10 10:55:00,1.16139,1.16146,1.16105,1.16113,1190
1789048800,2026-09-10 11:00:00,1.16114,1.16187,1.161135,1.161835,1774
1789049100,2026-09-10 11:05:00,1.16183,1.16206,1.161755,1.16189,1675
1789049400,2026-09-10 11:10:00,1.161885,1.16227,1.16187,1.161945,1376
1789049700,2026-09-10 11:15:00,1.16195,1.162065,1.161615,1.16173,1703
1789050000,2026-09-10 11:20:00,1.161735,1.16251,1.161715,1.162365,1953
1789050300,2026-09-10 11:25:00,1.162355,1.16252,1.16173,1.16215,2036
1789050600,2026-09-10 11:30:00,1.162155,1.162585,1.162,1.162555,1529
1789050900,2026-09-10 11:35:00,1.16256,1.162885,1.16231,1.16236,1710
1789051200,2026-09-10 11:40:00,1.162355,1.16271,1.16234,1.16246,1415
1789051500,2026-09-10 11:45:00,1.162455,1.16276,1.16245,1.16263,1277
1789051800,2026-09-10 11:50:00,1.162625,1.162805,1.16245,1.162625,1362
1789052100,2026-09-10 11:55:00,1.16263,1.162955,1.16262,1.162945,1263
1789052400,2026-09-10 12:00:00,1.16294,1.162985,1.16252,1.16282,1669
1789052700,2026-09-10 12:05:00,1.162825,1.162925,1.16261,1.16277,1146
1789053000,2026-09-10 12:10:00,1.162775,1.163155,1.16272,1.162855,1933
1789053300,2026-09-10 12:15:00,1.16285,1.163115,1.16277,1.16279,1410
1789053600,2026-09-10 12:20:00,1.162785,1.16304,1.1627,1.162735,973
1789053900,2026-09-10 12:25:00,1.16274,1.16274,1.16241,1.162495,815
1789054200,2026-09-10 12:30:00,1.16249,1.16281,1.16246,1.162775,784
1789054500,2026-09-10 12:35:00,1.16278,1.162945,1.162755,1.1629,561
1789054800,2026-09-10 12:40:00,1.16291,1.162935,1.16265,1.162775,783
1789055100,2026-09-10 12:45:00,1.16278,1.16285,1.16243,1.162765,733
1789055400,2026-09-10 12:50:00,1.16277,1.163025,1.16273,1.16278,753
1789055700,2026-09-10 12:55:00,1.162785,1.162895,1.16267,1.1628,647
1789056000,2026-09-10 13:00:00,1.162805,1.16288,1.162515,1.162515,989
1789056300,2026-09-10 13:05:00,1.16252,1.162625,1.16236,1.16246,877
1789056600,2026-09-10 13:10:00,1.162465,1.16266,1.16237,1.16254,670
1789056900,2026-09-10 13:15:00,1.16253,1.16255,1.1624,1.16254,528
1789057200,2026-09-10 13:20:00,1.16254,1.162835,1.162535,1.162835,469
1789057500,2026-09-10 13:25:00,1.162835,1.162865,1.16256,1.162595,428
1789057800,2026-09-10 13:30:00,1.162595,1.16263,1.16218,1.16223,781
1789058100,2026-09-10 13:35:00,1.16224,1.162295,1.161975,1.16203,1011
1789058400,2026-09-10 13:40:00,1.162035,1.162205,1.161975,1.16218,577
1789058700,2026-09-10 13:45:00,1.162185,1.16221,1.16208,1.162085,516
1789059000,2026-09-10 13:50:00,1.16208,1.162195,1.16207,1.162125,436
1789059300,2026-09-10 13:55:00,1.16213,1.162165,1.16185,1.16195,511
1789059600,2026-09-10 14:00:00,1.16196,1.162095,1.16165,1.16194,951
1789059900,2026-09-10 14:05:00,1.161935,1.161985,1.161785,1.161875,574
1789060200,2026-09-10 14:10:00,1.16187,1.162185,1.16183,1.16214,777
1789060500,2026-09-10 14:15:00,1.16214,1.16219,1.16206,1.16217,506
1789060800,2026-09-10 14:20:00,1.16217,1.16231,1.16215,1.16222,308
1789061100,2026-09-10 14:25:00,1.162225,1.16225,1.162085,1.162125,319
1789061400,2026-09-10 14:30:00,1.16213,1.162245,1.162055,1.162095,523
1789061700,2026-09-10 14:35:00,1.162095,1.162165,1.161945,1.161975,400
1789062000,2026-09-10 14:40:00,1.16198,1.16204,1.161865,1.161985,597
1789062300,2026-09-10 14:45:00,1.16198,1.162105,1.1619,1.162075,414
1789062600,2026-09-10 14:50:00,1.16207,1.16215,1.162,1.16213,422
1789062900,2026-09-10 14:55:00,1.16213,1.16213,1.16187,1.16194,471
1789063200,2026-09-10 15:00:00,1.16194,1.16196,1.161685,1.16181,754
1789063500,2026-09-10 15:05:00,1.161805,1.161845,1.16156,1.161595,752
1789063800,2026-09-10 15:10:00,1.161585,1.161585,1.16127,1.161335,726
1789064100,2026-09-10 15:15:00,1.16134,1.161505,1.16128,1.161465,440
1789064400,2026-09-10 15:20:00,1.16147,1.161685,1.16146,1.161585,448
1789064700,2026-09-10 15:25:00,1.161585,1.16165,1.161425,1.161545,444
1789065000,2026-09-10 15:30:00,1.16154,1.161555,1.16133,1.16147,585
1789065300,2026-09-10 15:35:00,1.161475,1.161575,1.16143,1.16149,271
1789065600,2026-09-10 15:40:00,1.16149,1.161585,1.161455,1.161575,281
1789065900,2026-09-10 15:45:00,1.16157,1.16157,1.16128,1.161295,423
1789066200,2026-09-10 15:50:00,1.161295,1.161615,1.161275,1.161445,1080
1789066500,2026-09-10 15:55:00,1.161445,1.161505,1.16128,1.16138,689
1789066800,2026-09-10 16:00:00,1.161375,1.161375,1.161055,1.161115,716
1789067100,2026-09-10 16:05:00,1.16111,1.16129,1.161035,1.161195,597
1789067400,2026-09-10 16:10:00,1.161195,1.1612,1.1609,1.16099,423
1789067700,2026-09-10 16:15:00,1.16099,1.161105,1.16095,1.161095,241
1789068000,2026-09-10 16:20:00,1.16109,1.161285,1.16109,1.16125,274
1789068300,2026-09-10 16:25:00,1.16125,1.161285,1.16112,1.16118,272
1789068600,2026-09-10 16:30:00,1.161185,1.161285,1.16104,1.16114,277
1789068900,2026-09-10 16:35:00,1.161135,1.161215,1.16101,1.16104,404
1789069200,2026-09-10 16:40:00,1.161045,1.161235,1.16104,1.161155,363
1789069500,2026-09-10 16:45:00,1.16115,1.161195,1.161115,1.161175,223
1789069800,2026-09-10 16:50:00,1.16118,1.16122,1.16107,1.16117,265
1789070100,2026-09-10 16:55:00,1.16117,1.161185,1.160975,1.161025,397
1789070400,2026-09-10 17:00:00,1.161025,1.161025,1.16091,1.16096,234
1789070700,2026-09-10 17:05:00,1.160955,1.161025,1.16091,1.160925,168
1789071000,2026-09-10 17:10:00,1.160935,1.160955,1.160885,1.160945,81
1789071300,2026-09-10 17:15:00,1.16095,1.160975,1.16075,1.16079,160
1789071600,2026-09-10 17:20:00,1.16079,1.16079,1.160625,1.160665,119
1789071900,2026-09-10 17:25:00,1.160655,1.16069,1.160545,1.16068,122
1789072200,2026-09-10 17:30:00,1.16069,1.160905,1.16069,1.160845,190
1789072500,2026-09-10 17:35:00,1.160845,1.16094,1.160805,1.16091,166
1789072800,2026-09-10 17:40:00,1.160905,1.16092,1.160705,1.160725,207
1789073100,2026-09-10 17:45:00,1.16073,1.16102,1.16073,1.16101,343
1789073400,2026-09-10 17:50:00,1.161015,1.16107,1.16092,1.16101,340
1789073700,2026-09-10 17:55:00,1.161015,1.161225,1.160935,1.16117,604
1789074000,2026-09-10 18:00:00,1.16117,1.1615,1.16117,1.16132,25
1789074300,2026-09-10 18:05:00,1.161315,1.161315,1.160775,1.160905,84
1789074600,2026-09-10 18:10:00,1.160905,1.16093,1.16082,1.160925,42
1789074900,2026-09-10 18:15:00,1.16093,1.16095,1.160865,1.160935,28
1789075200,2026-09-10 18:20:00,1.160935,1.160985,1.160835,1.160895,50
1789075500,2026-09-10 18:25:00,1.160895,1.16094,1.16084,1.1609,35
1789075800,2026-09-10 18:30:00,1.1609,1.16094,1.16085,1.16087,40
1789076100,2026-09-10 18:35:00,1.16087,1.16099,1.16083,1.160925,91
1789076400,2026-09-10 18:40:00,1.160925,1.16107,1.160925,1.16097,78
1789076700,2026-09-10 18:45:00,1.16097,1.160975,1.16092,1.160975,25
1789077000,2026-09-10 18:50:00,1.160975,1.161075,1.160935,1.160975,84
1789077300,2026-09-10 18:55:00,1.160975,1.161115,1.160775,1.16096,235
1789077600,2026-09-10 19:00:00,1.16095,1.161135,1.16066,1.160885,342
1789077900,2026-09-10 19:05:00,1.160885,1.16098,1.160825,1.160845,56
1789078200,2026-09-10 19:10:00,1.160845,1.160895,1.160765,1.160865,181
1789078500,2026-09-10 19:15:00,1.160865,1.160915,1.160855,1.1609,108
1789078800,2026-09-10 19:20:00,1.160905,1.161025,1.1609,1.160945,163
1789079100,2026-09-10 19:25:00,1.160945,1.160955,1.16086,1.16091,125
1789079400,2026-09-10 19:30:00,1.160905,1.16097,1.16084,1.160955,209
1789079700,2026-09-10 19:35:00,1.160955,1.16096,1.16089,1.160915,169
1789080000,2026-09-10 19:40:00,1.160915,1.161015,1.16088,1.160945,130
1789080300,2026-09-10 19:45:00,1.160945,1.16102,1.16094,1.161015,127
1789080600,2026-09-10 19:50:00,1.161015,1.161075,1.161005,1.161025,180
1789080900,2026-09-10 19:55:00,1.16103,1.16113,1.16101,1.16104,129
1789081200,2026-09-10 20:00:00,1.161045,1.16113,1.160935,1.160935,178
1789081500,2026-09-10 20:05:00,1.16094,1.160955,1.16088,1.160885,149
1789081800,2026-09-10 20:10:00,1.160885,1.160955,1.160855,1.16095,115
1789082100,2026-09-10 20:15:00,1.16095,1.161035,1.160935,1.161025,153
1789082400,2026-09-10 20:20:00,1.161035,1.16104,1.160875,1.160895,83
1789082700,2026-09-10 20:25:00,1.160895,1.160945,1.16085,1.160875,173
1789083000,2026-09-10 20:30:00,1.160875,1.16098,1.16083,1.160925,142
1789083300,2026-09-10 20:35:00,1.160925,1.16099,1.1609,1.160975,118
1789083600,2026-09-10 20:40:00,1.160975,1.161025,1.160905,1.161025,190
1789083900,2026-09-10 20:45:00,1.161035,1.161085,1.160915,1.16103,310
1789084200,2026-09-10 20:50:00,1.161025,1.16108,1.160905,1.160965,247
1789084500,2026-09-10 20:55:00,1.160955,1.16112,1.160955,1.16111,332
1789084800,2026-09-10 21:00:00,1.161105,1.161375,1.161095,1.161205,736
1789085100,2026-09-10 21:05:00,1.161195,1.16146,1.161175,1.16137,505
1789085400,2026-09-10 21:10:00,1.16137,1.161445,1.161265,1.161285,436
1789085700,2026-09-10 21:15:00,1.161295,1.161415,1.161215,1.161415,381
1789086000,2026-09-10 21:20:00,1.161415,1.161445,1.16118,1.161205,334
1789086300,2026-09-10 21:25:00,1.161205,1.16133,1.161115,1.16133,504
1789086600,2026-09-10 21:30:00,1.161325,1.161365,1.1612,1.16128,372
1789086900,2026-09-10 21:35:00,1.16128,1.161405,1.16127,1.161385,433
1789087200,2026-09-10 21:40:00,1.16138,1.1614,1.161275,1.16133,463
1789087500,2026-09-10 21:45:00,1.16133,1.161465,1.161295,1.161315,373
1789087800,2026-09-10 21:50:00,1.16132,1.16143,1.16131,1.16133,363
1789088100,2026-09-10 21:55:00,1.161345,1.161545,1.16131,1.16152,359
1789088400,2026-09-10 22:00:00,1.161525,1.16166,1.161465,1.16165,658
1789088700,2026-09-10 22:05:00,1.161655,1.161655,1.161555,1.161645,553
1789089000,2026-09-10 22:10:00,1.16165,1.161705,1.1616,1.16164,489
1789089300,2026-09-10 22:15:00,1.161645,1.161755,1.161585,1.161735,494
1789089600,2026-09-10 22:20:00,1.16174,1.16175,1.16147,1.1615,448
1789089900,2026-09-10 22:25:00,1.161505,1.16166,1.1615,1.161565,478
1789090200,2026-09-10 22:30:00,1.161565,1.16161,1.16147,1.16152,414
1789090500,2026-09-10 22:35:00,1.161525,1.161665,1.161525,1.161565,447
1789090800,2026-09-10 22:40:00,1.161565,1.161565,1.16141,1.16143,461
1789091100,2026-09-10 22:45:00,1.161425,1.16143,1.161205,1.161265,624
1789091400,2026-09-10 22:50:00,1.161265,1.161365,1.161145,1.161155,427
1789091700,2026-09-10 22:55:00,1.16115,1.161255,1.161095,1.161255,359
1789092000,2026-09-10 23:00:00,1.161255,1.16127,1.16094,1.16099,409
1789092300,2026-09-10 23:05:00,1.16099,1.161035,1.160895,1.161,476
1789092600,2026-09-10 23:10:00,1.160995,1.16106,1.16093,1.160975,288
1789092900,2026-09-10 23:15:00,1.160975,1.16098,1.16075,1.16085,475
1789093200,2026-09-10 23:20:00,1.160845,1.16087,1.160695,1.160755,497
1789093500,2026-09-10 23:25:00,1.16075,1.16075,1.16061,1.160615,322
1789093800,2026-09-10 23:30:00,1.160615,1.160685,1.160555,1.1606,420
1789094100,2026-09-10 23:35:00,1.1606,1.16074,1.16057,1.16072,288
1789094400,2026-09-10 23:40:00,1.160715,1.160825,1.160695,1.160695,520
1789094700,2026-09-10 23:45:00,1.1607,1.160835,1.160695,1.160825,325
1789095000,2026-09-10 23:50:00,1.160815,1.16088,1.160775,1.160795,332
1789095300,2026-09-10 23:55:00,1.16079,1.16083,1.160695,1.160735,370
1789095600,2026-09-11 00:00:00,1.16074,1.160795,1.16066,1.16067,218
1789095900,2026-09-11 00:05:00,1.160665,1.16068,1.16052,1.160615,408
1789096200,2026-09-11 00:10:00,1.160625,1.16072,1.160625,1.160705,330
1789096500,2026-09-11 00:15:00,1.160705,1.16073,1.16046,1.16049,331
1789096800,2026-09-11 00:20:00,1.160495,1.16054,1.160165,1.16017,375
1789097100,2026-09-11 00:25:00,1.160165,1.160255,1.16011,1.16012,353
1789097400,2026-09-11 00:30:00,1.16012,1.16019,1.16002,1.16004,317
1789097700,2026-09-11 00:35:00,1.160045,1.160225,1.160025,1.16012,388
1789098000,2026-09-11 00:40:00,1.16012,1.160245,1.16012,1.16017,378
1789098300,2026-09-11 00:45:00,1.160175,1.160175,1.15998,1.160005,234
1789098600,2026-09-11 00:50:00,1.160005,1.160145,1.15997,1.16014,178
1789098900,2026-09-11 00:55:00,1.160145,1.1603,1.160145,1.16017,263
1789099200,2026-09-11 01:00:00,1.160165,1.16047,1.160045,1.16043,550
1789099500,2026-09-11 01:05:00,1.16043,1.16053,1.16037,1.160495,459
1789099800,2026-09-11 01:10:00,1.160495,1.16071,1.16049,1.160625,562
1789100100,2026-09-11 01:15:00,1.16062,1.160755,1.160615,1.16073,431
1789100400,2026-09-11 01:20:00,1.160725,1.16081,1.160705,1.16071,337
1789100700,2026-09-11 01:25:00,1.16071,1.1608,1.1607,1.16078,284
1789101000,2026-09-11 01:30:00,1.16078,1.1608,1.16062,1.16063,253
1789101300,2026-09-11 01:35:00,1.160625,1.160645,1.16056,1.1606,243
1789101600,2026-09-11 01:40:00,1.1606,1.160625,1.160525,1.160615,415
1789101900,2026-09-11 01:45:00,1.160615,1.160675,1.1605,1.16053,425
1789102200,2026-09-11 01:50:00,1.160525,1.160625,1.160485,1.1605,516
1789102500,2026-09-11 01:55:00,1.160505,1.160545,1.16046,1.160465,327
1789102800,2026-09-11 02:00:00,1.16046,1.160775,1.160425,1.160615,483
1789103100,2026-09-11 02:05:00,1.160615,1.16089,1.16061,1.160855,688
1789103400,2026-09-11 02:10:00,1.16085,1.160925,1.160735,1.1609,487
1789103700,2026-09-11 02:15:00,1.160905,1.16105,1.16089,1.161005,660
1789104000,2026-09-11 02:20:00,1.16101,1.16107,1.160955,1.161005,458
1789104300,2026-09-11 02:25:00,1.160995,1.16104,1.16089,1.16104,312
1789104600,2026-09-11 02:30:00,1.161045,1.16125,1.161045,1.16117,447
1789104900,2026-09-11 02:35:00,1.161165,1.16138,1.16116,1.16128,758
1789105200,2026-09-11 02:40:00,1.161275,1.161275,1.16106,1.16116,713
1789105500,2026-09-11 02:45:00,1.16116,1.161325,1.160945,1.16095,476
1789105800,2026-09-11 02:50:00,1.16095,1.161185,1.160945,1.16097,447
1789106100,2026-09-11 02:55:00,1.16098,1.161155,1.160965,1.16099,463
1789106400,2026-09-11 03:00:00,1.161,1.16118,1.160905,1.160945,1105
1789106700,2026-09-11 03:05:00,1.160945,1.16112,1.160895,1.160945,614
1789107000,2026-09-11 03:10:00,1.160945,1.16134,1.1609,1.161275,907
1789107300,2026-09-11 03:15:00,1.161265,1.16139,1.1611,1.161225,850
1789107600,2026-09-11 03:20:00,1.16122,1.161255,1.161055,1.16112,588
1789107900,2026-09-11 03:25:00,1.161125,1.16121,1.161045,1.16112,619
1789108200,2026-09-11 03:30:00,1.161115,1.161255,1.160955,1.16097,543
1789108500,2026-09-11 03:35:00,1.16097,1.161205,1.160915,1.161065,536
1789108800,2026-09-11 03:40:00,1.161065,1.161105,1.16096,1.16101,299
1789109100,2026-09-11 03:45:00,1.161005,1.161105,1.16095,1.16099,435
1789109400,2026-09-11 03:50:00,1.160985,1.16117,1.16091,1.16117,453
1789109700,2026-09-11 03:55:00,1.16119,1.16123,1.160925,1.161,401
1789110000,2026-09-11 04:00:00,1.160995,1.16112,1.160755,1.160825,865
1789110300,2026-09-11 04:05:00,1.16082,1.160895,1.1607,1.160765,628
1789110600,2026-09-11 04:10:00,1.16076,1.160945,1.160745,1.160805,507
1789110900,2026-09-11 04:15:00,1.1608,1.160825,1.16061,1.160765,697
1789111200,2026-09-11 04:20:00,1.16077,1.161075,1.16076,1.161025,452
1789111500,2026-09-11 04:25:00,1.161025,1.16103,1.1607,1.160715,525
1789111800,2026-09-11 04:30:00,1.16071,1.160905,1.160665,1.16071,594
1789112100,2026-09-11 04:35:00,1.16071,1.1609,1.16071,1.160795,522
1789112400,2026-09-11 04:40:00,1.1608,1.16087,1.16041,1.160425,503
1789112700,2026-09-11 04:45:00,1.16042,1.160425,1.16014,1.160305,485
1789113000,2026-09-11 04:50:00,1.160305,1.16054,1.16027,1.16049,404
1789113300,2026-09-11 04:55:00,1.160495,1.160565,1.160435,1.16056,414
1789113600,2026-09-11 05:00:00,1.160565,1.16061,1.160325,1.160425,659
1789113900,2026-09-11 05:05:00,1.16042,1.16053,1.1603,1.16032,458
1789114200,2026-09-11 05:10:00,1.160325,1.16061,1.16026,1.160425,822
1789114500,2026-09-11 05:15:00,1.16042,1.16046,1.160215,1.16029,675
1789114800,2026-09-11 05:20:00,1.16029,1.16082,1.16023,1.16061,1153
1789115100,2026-09-11 05:25:00,1.160605,1.160615,1.160175,1.16019,688
1789115400,2026-09-11 05:30:00,1.160195,1.16051,1.16016,1.16039,595
1789115700,2026-09-11 05:35:00,1.160405,1.160465,1.16027,1.16034,609
1789116000,2026-09-11 05:40:00,1.160335,1.16052,1.160335,1.16047,611
1789116300,2026-09-11 05:45:00,1.16046,1.16052,1.16017,1.160245,444
1789116600,2026-09-11 05:50:00,1.160245,1.16027,1.16002,1.16002,286
1789116900,2026-09-11 05:55:00,1.160035,1.16004,1.15981,1.15991,488
1789117200,2026-09-11 06:00:00,1.159905,1.16024,1.1598,1.15988,799
1789117500,2026-09-11 06:05:00,1.15988,1.16001,1.15983,1.159835,346
1789117800,2026-09-11 06:10:00,1.15984,1.159845,1.159575,1.159755,753
1789118100,2026-09-11 06:15:00,1.159755,1.159975,1.15965,1.15997,600
1789118400,2026-09-11 06:20:00,1.159975,1.160155,1.159925,1.16013,801
1789118700,2026-09-11 06:25:00,1.160125,1.16017,1.15998,1.159985,431
1789119000,2026-09-11 06:30:00,1.15999,1.160045,1.159815,1.15987,368
1789119300,2026-09-11 06:35:00,1.15987,1.16003,1.15975,1.159815,511
1789119600,2026-09-11 06:40:00,1.159815,1.15991,1.159755,1.15988,343
1789119900,2026-09-11 06:45:00,1.15988,1.159885,1.15959,1.15969,534
1789120200,2026-09-11 06:50:00,1.15969,1.15981,1.159655,1.159705,651
1789120500,2026-09-11 06:55:00,1.159705,1.15972,1.15951,1.159615,697
1789120800,2026-09-11 07:00:00,1.15962,1.159935,1.15937,1.15982,1196
1789121100,2026-09-11 07:05:00,1.15982,1.15987,1.15951,1.15952,518
1789121400,2026-09-11 07:10:00,1.159515,1.15962,1.159405,1.15962,363
1789121700,2026-09-11 07:15:00,1.159615,1.15962,1.15938,1.15943,346
1789122000,2026-09-11 07:20:00,1.15943,1.159505,1.15933,1.15938,551
1789122300,2026-09-11 07:25:00,1.159385,1.159385,1.159165,1.159215,450
1789122600,2026-09-11 07:30:00,1.15922,1.159325,1.159085,1.15915,580
1789122900,2026-09-11 07:35:00,1.15915,1.15933,1.159095,1.15928,468
1789123200,2026-09-11 07:40:00,1.159275,1.159275,1.15902,1.159135,500
1789123500,2026-09-11 07:45:00,1.159145,1.15915,1.15906,1.159095,411
1789123800,2026-09-11 07:50:00,1.159095,1.15917,1.15901,1.15909,352
1789124100,2026-09-11 07:55:00,1.159095,1.15924,1.15908,1.159225,357
1789124400,2026-09-11 08:00:00,1.15922,1.15949,1.15916,1.159405,560
1789124700,2026-09-11 08:05:00,1.159405,1.15944,1.15925,1.15942,526
1789125000,2026-09-11 08:10:00,1.159415,1.15948,1.159275,1.15941,499
1789125300,2026-09-11 08:15:00,1.159405,1.159405,1.159145,1.15927,562
1789125600,2026-09-11 08:20:00,1.15927,1.15929,1.15914,1.15916,507
1789125900,2026-09-11 08:25:00,1.15916,1.159425,1.159155,1.15936,607
1789126200,2026-09-11 08:30:00,1.159365,1.15948,1.15925,1.159265,546
1789126500,2026-09-11 08:35:00,1.15926,1.159385,1.15914,1.15921,569
1789126800,2026-09-11 08:40:00,1.15921,1.15937,1.15914,1.15936,633
1789127100,2026-09-11 08:45:00,1.15937,1.15948,1.15927,1.1593,625
1789127400,2026-09-11 08:50:00,1.159305,1.15957,1.15922,1.159325,523
1789127700,2026-09-11 08:55:00,1.15933,1.15933,1.159085,1.15915,797
1789128000,2026-09-11 09:00:00,1.159145,1.159415,1.15914,1.159325,935
1789128300,2026-09-11 09:05:00,1.15933,1.15949,1.15919,1.15922,815
1789128600,2026-09-11 09:10:00,1.15924,1.159375,1.159195,1.15926,623
1789128900,2026-09-11 09:15:00,1.159255,1.15931,1.159095,1.159205,789
1789129200,2026-09-11 09:20:00,1.1592,1.1595,1.159175,1.159375,1166
1789129500,2026-09-11 09:25:00,1.159365,1.159755,1.15909,1.15969,1352
1789129800,2026-09-11 09:30:00,1.159705,1.15984,1.15693,1.158135,5726
1789130100,2026-09-11 09:35:00,1.15815,1.158885,1.15815,1.158635,3514
1789130400,2026-09-11 09:40:00,1.15863,1.15945,1.15852,1.159435,2956
1789130700,2026-09-11 09:45:00,1.15943,1.15997,1.159385,1.15955,2375
1789131000,2026-09-11 09:50:00,1.15955,1.160385,1.159445,1.15996,2322
1789131300,2026-09-11 09:55:00,1.159965,1.160325,1.159865,1.160305,2069
1789131600,2026-09-11 10:00:00,1.1603,1.16093,1.160175,1.16049,3007
1789131900,2026-09-11 10:05:00,1.160485,1.16066,1.16004,1.16019,2442
1789132200,2026-09-11 10:10:00,1.160185,1.160465,1.159975,1.16028,2076
1789132500,2026-09-11 10:15:00,1.160275,1.160365,1.159845,1.16001,1903
1789132800,2026-09-11 10:20:00,1.160015,1.16047,1.159915,1.160305,1419
1789133100,2026-09-11 10:25:00,1.1603,1.16086,1.160085,1.160425,2562
1789133400,2026-09-11 10:30:00,1.16043,1.160595,1.16009,1.16042,2557
1789133700,2026-09-11 10:35:00,1.160415,1.160625,1.160135,1.16051,2255
1789134000,2026-09-11 10:40:00,1.160505,1.16106,1.1601,1.16033,1849
1789134300,2026-09-11 10:45:00,1.160335,1.160985,1.160285,1.16087,1873
1789134600,2026-09-11 10:50:00,1.160865,1.16109,1.160615,1.160985,2080
1789134900,2026-09-11 10:55:00,1.16099,1.16136,1.16076,1.16126,1243
1789135200,2026-09-11 11:00:00,1.161255,1.16143,1.16076,1.16126,1824
1789135500,2026-09-11 11:05:00,1.161265,1.16153,1.16118,1.161425,1777
1789135800,2026-09-11 11:10:00,1.16142,1.16145,1.161095,1.1611,1621
1789136100,2026-09-11 11:15:00,1.161105,1.161255,1.16093,1.16121,1324
1789136400,2026-09-11 11:20:00,1.161215,1.16133,1.16095,1.161085,1342
1789136700,2026-09-11 11:25:00,1.161085,1.161085,1.160725,1.160805,1244
1789137000,2026-09-11 11:30:00,1.1608,1.16093,1.160585,1.16076,1407
1789137300,2026-09-11 11:35:00,1.160755,1.161115,1.16068,1.160825,1437
1789137600,2026-09-11 11:40:00,1.16083,1.161075,1.16072,1.160925,1788
1789137900,2026-09-11 11:45:00,1.16093,1.161435,1.160895,1.161235,2078
1789138200,2026-09-11 11:50:00,1.16123,1.16147,1.161015,1.161095,1714
1789138500,2026-09-11 11:55:00,1.1611,1.16149,1.16105,1.161395,1355
1789138800,2026-09-11 12:00:00,1.1614,1.161535,1.160935,1.16109,1430
1789139100,2026-09-11 12:05:00,1.16108,1.161255,1.16094,1.161035,1225
1789139400,2026-09-11 12:10:00,1.161035,1.16106,1.160545,1.160755,1125
1789139700,2026-09-11 12:15:00,1.16075,1.1609,1.1607,1.16078,833
1789140000,2026-09-11 12:20:00,1.160785,1.16093,1.16052,1.160595,1090
1789140300,2026-09-11 12:25:00,1.16059,1.160615,1.16041,1.16048,670
1789140600,2026-09-11 12:30:00,1.160475,1.160555,1.16039,1.1605,790
1789140900,2026-09-11 12:35:00,1.160505,1.16056,1.16027,1.16031,985
1789141200,2026-09-11 12:40:00,1.160315,1.160385,1.16011,1.16027,912
1789141500,2026-09-11 12:45:00,1.16028,1.16038,1.160025,1.160255,784
1789141800,2026-09-11 12:50:00,1.16026,1.160305,1.160135,1.16021,617
1789142100,2026-09-11 12:55:00,1.160215,1.16036,1.160095,1.16035,699
1789142400,2026-09-11 13:00:00,1.160345,1.16049,1.16027,1.160445,743
1789142700,2026-09-11 13:05:00,1.16044,1.160475,1.160295,1.16036,790
1789143000,2026-09-11 13:10:00,1.160355,1.16041,1.16018,1.1602,606
1789143300,2026-09-11 13:15:00,1.160205,1.16053,1.160195,1.16048,687
1789143600,2026-09-11 13:20:00,1.160485,1.160645,1.16048,1.16055,479
1789143900,2026-09-11 13:25:00,1.160565,1.16074,1.160475,1.160485,858
1789144200,2026-09-11 13:30:00,1.16049,1.16057,1.16026,1.16037,1345
1789144500,2026-09-11 13:35:00,1.160375,1.16039,1.16003,1.16004,682
1789144800,2026-09-11 13:40:00,1.160035,1.1602,1.159975,1.160025,809
1789145100,2026-09-11 13:45:00,1.16003,1.160285,1.159985,1.160085,560
1789145400,2026-09-11 13:50:00,1.16008,1.160085,1.159845,1.159935,478
1789145700,2026-09-11 13:55:00,1.159935,1.16002,1.15986,1.15997,438
1789146000,2026-09-11 14:00:00,1.15997,1.15997,1.159655,1.15968,552
1789146300,2026-09-11 14:05:00,1.15968,1.15998,1.15962,1.15969,696
1789146600,2026-09-11 14:10:00,1.15969,1.15981,1.15962,1.159705,450
1789146900,2026-09-11 14:15:00,1.15971,1.159915,1.159645,1.15983,677
1789147200,2026-09-11 14:20:00,1.15983,1.16,1.159805,1.15999,441
1789147500,2026-09-11 14:25:00,1.159985,1.16008,1.15994,1.159945,573
1789147800,2026-09-11 14:30:00,1.15995,1.160025,1.159885,1.15991,367
1789148100,2026-09-11 14:35:00,1.159905,1.15998,1.15982,1.159955,400
1789148400,2026-09-11 14:40:00,1.159955,1.16005,1.159865,1.159935,492
1789148700,2026-09-11 14:45:00,1.159935,1.159995,1.15985,1.159965,641
1789149000,2026-09-11 14:50:00,1.15997,1.16004,1.159885,1.160015,457
1789149300,2026-09-11 14:55:00,1.160015,1.160045,1.159775,1.159825,399
1789149600,2026-09-11 15:00:00,1.159815,1.15998,1.15979,1.15994,348
1789149900,2026-09-11 15:05:00,1.15994,1.15996,1.15987,1.15987,255
1789150200,2026-09-11 15:10:00,1.15987,1.159905,1.159815,1.15984,283
1789150500,2026-09-11 15:15:00,1.15984,1.159875,1.159775,1.159845,342
1789150800,2026-09-11 15:20:00,1.15985,1.15987,1.159525,1.15967,862
1789151100,2026-09-11 15:25:00,1.15967,1.159695,1.159505,1.159595,583
1789151400,2026-09-11 15:30:00,1.1596,1.15963,1.15935,1.159425,497
1789151700,2026-09-11 15:35:00,1.15943,1.15944,1.159235,1.15929,334
1789152000,2026-09-11 15:40:00,1.15929,1.159375,1.15923,1.159275,385
1789152300,2026-09-11 15:45:00,1.159275,1.159275,1.15919,1.15922,416
1789152600,2026-09-11 15:50:00,1.159215,1.15945,1.15921,1.15945,291
1789152900,2026-09-11 15:55:00,1.159445,1.159595,1.15941,1.15958,379
1789153200,2026-09-11 16:00:00,1.159585,1.159585,1.159395,1.159435,554
1789153500,2026-09-11 16:05:00,1.159435,1.159585,1.159325,1.159565,363
1789153800,2026-09-11 16:10:00,1.159565,1.15973,1.15956,1.15972,299
1789154100,2026-09-11 16:15:00,1.159715,1.15977,1.15955,1.159565,303
1789154400,2026-09-11 16:20:00,1.159565,1.159695,1.15956,1.159685,269
1789154700,2026-09-11 16:25:00,1.159695,1.159735,1.15961,1.15961,189
1789155000,2026-09-11 16:30:00,1.159625,1.159685,1.159585,1.15967,229
1789155300,2026-09-11 16:35:00,1.15967,1.15973,1.15947,1.159535,208
1789155600,2026-09-11 16:40:00,1.159535,1.159585,1.159495,1.159575,82
1789155900,2026-09-11 16:45:00,1.159575,1.15962,1.159435,1.15944,202
1789156200,2026-09-11 16:50:00,1.159435,1.159555,1.15943,1.15953,124
1789156500,2026-09-11 16:55:00,1.15953,1.159665,1.159475,1.159595,281
1789156800,2026-09-11 17:00:00,1.1596,1.159685,1.159585,1.159605,207
1789157100,2026-09-11 17:05:00,1.159605,1.15964,1.159525,1.159585,94
1789157400,2026-09-11 17:10:00,1.159585,1.159585,1.15929,1.159425,163
1789157700,2026-09-11 17:15:00,1.159425,1.15944,1.15937,1.15943,88
1789158000,2026-09-11 17:20:00,1.15943,1.159485,1.159385,1.15939,101
1789158300,2026-09-11 17:25:00,1.159385,1.159445,1.15931,1.1594,139
1789158600,2026-09-11 17:30:00,1.159395,1.15944,1.1592,1.1592,218
1789158900,2026-09-11 17:35:00,1.159195,1.159285,1.159175,1.159265,354
1789159200,2026-09-11 17:40:00,1.15927,1.15945,1.15926,1.159445,242
1789159500,2026-09-11 17:45:00,1.15945,1.15956,1.15937,1.15945,392
1789159800,2026-09-11 17:50:00,1.15945,1.1598,1.15945,1.15975,786
1789160100,2026-09-11 17:55:00,1.15977,1.159945,1.15969,1.159945,848
1789333200,2026-09-13 18:00:00,1.159945,1.159945,1.15969,1.159705,35
1789333500,2026-09-13 18:05:00,1.159705,1.159785,1.159705,1.159755,19
1789333800,2026-09-13 18:10:00,1.159755,1.159815,1.159735,1.159735,19
1789334100,2026-09-13 18:15:00,1.15973,1.15974,1.15972,1.159735,20
1789334400,2026-09-13 18:20:00,1.159735,1.15978,1.159715,1.159765,12
1789334700,2026-09-13 18:25:00,1.159765,1.159825,1.159675,1.15968,46
1789335000,2026-09-13 18:30:00,1.15968,1.15968,1.15965,1.15965,3
1789335300,2026-09-13 18:35:00,1.15965,1.1597,1.159645,1.159685,371
1789335600,2026-09-13 18:40:00,1.159685,1.159695,1.15965,1.159675,79
1789335900,2026-09-13 18:45:00,1.159675,1.15973,1.15966,1.159685,50
1789336200,2026-09-13 18:50:00,1.159685,1.159705,1.1596,1.159655,450
1789336500,2026-09-13 18:55:00,1.159655,1.15969,1.15937,1.15954,229
1789336800,2026-09-13 19:00:00,1.159535,1.159745,1.159495,1.159605,177
1789337100,2026-09-13 19:05:00,1.15953,1.15972,1.15942,1.15947,316
1789337400,2026-09-13 19:10:00,1.15947,1.159615,1.15937,1.15947,343
1789337700,2026-09-13 19:15:00,1.15946,1.15953,1.159275,1.159285,406
1789338000,2026-09-13 19:20:00,1.159275,1.15932,1.15904,1.15905,308
1789338300,2026-09-13 19:25:00,1.159055,1.15918,1.159,1.159155,379
1789338600,2026-09-13 19:30:00,1.15915,1.159245,1.15909,1.159115,257
1789338900,2026-09-13 19:35:00,1.159125,1.159175,1.159005,1.15902,201
1789339200,2026-09-13 19:40:00,1.15902,1.159185,1.15897,1.159185,242
1789339500,2026-09-13 19:45:00,1.159185,1.159205,1.159075,1.159165,303
1789339800,2026-09-13 19:50:00,1.15916,1.15917,1.158965,1.159025,344
1789340100,2026-09-13 19:55:00,1.159015,1.159105,1.15896,1.15909,259
1789340400,2026-09-13 20:00:00,1.159095,1.159185,1.15906,1.15916,381
1789340700,2026-09-13 20:05:00,1.159165,1.15924,1.15914,1.159215,210
1789341000,2026-09-13 20:10:00,1.159215,1.159285,1.15908,1.159115,149
1789341300,2026-09-13 20:15:00,1.159115,1.159115,1.158985,1.159015,194
1789341600,2026-09-13 20:20:00,1.159015,1.15905,1.15896,1.159035,223
1789341900,2026-09-13 20:25:00,1.159035,1.159115,1.158965,1.159115,112
1789342200,2026-09-13 20:30:00,1.15911,1.159185,1.15899,1.159145,286
1789342500,2026-09-13 20:35:00,1.159145,1.159165,1.15898,1.15903,269
1789342800,2026-09-13 20:40:00,1.15903,1.159185,1.15897,1.15913,273
1789343100,2026-09-13 20:45:00,1.159135,1.159365,1.159105,1.159195,497
1789343400,2026-09-13 20:50:00,1.159195,1.15927,1.15917,1.15922,400
1789343700,2026-09-13 20:55:00,1.159215,1.159435,1.1592,1.159345,409
1789344000,2026-09-13 21:00:00,1.15934,1.159565,1.159295,1.159435,795
1789344300,2026-09-13 21:05:00,1.159435,1.159585,1.159335,1.159395,634
1789344600,2026-09-13 21:10:00,1.159385,1.159425,1.15918,1.15927,505
1789344900,2026-09-13 21:15:00,1.15927,1.159365,1.159085,1.159085,482
1789345200,2026-09-13 21:20:00,1.159085,1.159115,1.15886,1.15894,588
1789345500,2026-09-13 21:25:00,1.158945,1.158965,1.158515,1.158565,745
1789345800,2026-09-13 21:30:00,1.15857,1.158795,1.15853,1.158635,555
1789346100,2026-09-13 21:35:00,1.15864,1.15874,1.158575,1.158595,330
1789346400,2026-09-13 21:40:00,1.158595,1.158655,1.1585,1.15858,336
1789346700,2026-09-13 21:45:00,1.158585,1.158695,1.15858,1.158595,351
1789347000,2026-09-13 21:50:00,1.158595,1.158805,1.158585,1.158805,392
1789347300,2026-09-13 21:55:00,1.158795,1.158885,1.158615,1.158775,341
1789347600,2026-09-13 22:00:00,1.158775,1.158815,1.158565,1.158595,844
1789347900,2026-09-13 22:05:00,1.15859,1.158675,1.158385,1.158435,862
1789348200,2026-09-13 22:10:00,1.158435,1.15854,1.158385,1.15841,468
1789348500,2026-09-13 22:15:00,1.158405,1.15846,1.15835,1.15839,548
1789348800,2026-09-13 22:20:00,1.158385,1.158695,1.158355,1.158655,544
1789349100,2026-09-13 22:25:00,1.158655,1.15878,1.158615,1.15875,454
1789349400,2026-09-13 22:30:00,1.158755,1.15876,1.15851,1.1586,530
1789349700,2026-09-13 22:35:00,1.158595,1.158815,1.158595,1.158765,461
1789350000,2026-09-13 22:40:00,1.158765,1.158865,1.15874,1.158865,308
1789350300,2026-09-13 22:45:00,1.158865,1.158875,1.158735,1.158735,315
1789350600,2026-09-13 22:50:00,1.158735,1.158735,1.1586,1.15862,376
1789350900,2026-09-13 22:55:00,1.15862,1.158685,1.15856,1.15861,307
1789351200,2026-09-13 23:00:00,1.1586,1.158685,1.15855,1.15866,310
1789351500,2026-09-13 23:05:00,1.158655,1.15885,1.1586,1.158815,322
1789351800,2026-09-13 23:10:00,1.158815,1.158845,1.158695,1.158745,217
1789352100,2026-09-13 23:15:00,1.158745,1.15877,1.1587,1.158705,163
1789352400,2026-09-13 23:20:00,1.158705,1.158795,1.15868,1.15875,247
1789352700,2026-09-13 23:25:00,1.158745,1.158745,1.158675,1.15873,244
1789353000,2026-09-13 23:30:00,1.158735,1.158755,1.158545,1.158565,307
1789353300,2026-09-13 23:35:00,1.158555,1.158615,1.158455,1.158455,438
1789353600,2026-09-13 23:40:00,1.15846,1.15854,1.15842,1.158495,454
1789353900,2026-09-13 23:45:00,1.158495,1.158575,1.158405,1.158515,284
1789354200,2026-09-13 23:50:00,1.158515,1.158535,1.15833,1.158335,240
1789354500,2026-09-13 23:55:00,1.158335,1.15837,1.15811,1.158155,303
1789354800,2026-09-14 00:00:00,1.158155,1.158175,1.157655,1.157695,580
1789355100,2026-09-14 00:05:00,1.157695,1.15788,1.157685,1.157775,347
1789355400,2026-09-14 00:10:00,1.15778,1.157795,1.157525,1.157555,326
1789355700,2026-09-14 00:15:00,1.157555,1.157625,1.15737,1.157455,345
1789356000,2026-09-14 00:20:00,1.15746,1.157475,1.157345,1.157345,323
1789356300,2026-09-14 00:25:00,1.157345,1.1574,1.157275,1.157385,391
1789356600,2026-09-14 00:30:00,1.157385,1.157395,1.157015,1.157015,500
1789356900,2026-09-14 00:35:00,1.157025,1.15727,1.157015,1.15715,342
1789357200,2026-09-14 00:40:00,1.157155,1.157155,1.156955,1.15699,377
1789357500,2026-09-14 00:45:00,1.156975,1.157005,1.15691,1.156985,109
1789357800,2026-09-14 00:50:00,1.156985,1.157095,1.156965,1.157085,245
1789358100,2026-09-14 00:55:00,1.157085,1.157115,1.157005,1.157055,146
1789358400,2026-09-14 01:00:00,1.157055,1.157085,1.156955,1.157025,181
1789358700,2026-09-14 01:05:00,1.157025,1.157055,1.156705,1.15679,358
1789359000,2026-09-14 01:10:00,1.156785,1.15688,1.156785,1.15682,256
1789359300,2026-09-14 01:15:00,1.156825,1.156875,1.15679,1.156805,194
1789359600,2026-09-14 01:20:00,1.156805,1.15683,1.1566,1.156625,204
1789359900,2026-09-14 01:25:00,1.156625,1.15678,1.1565,1.15653,242
1789360200,2026-09-14 01:30:00,1.156525,1.156645,1.156485,1.156605,281
1789360500,2026-09-14 01:35:00,1.15661,1.156645,1.15659,1.156635,223
1789360800,2026-09-14 01:40:00,1.156635,1.156655,1.15625,1.156285,338
1789361100,2026-09-14 01:45:00,1.156295,1.156455,1.15623,1.15641,335
